  0
SECTION
  2
HEADER
  9
$ACADVER
  1
AC1024
  9
$ACADMAINTVER
 70
6
  9
$DWGCODEPAGE
  3
ANSI_1252
  9
$LASTSAVEDBY
  1
ezdxf
  9
$INSBASE
 10
0.0
 20
0.0
 30
0.0
  9
$EXTMIN
 10
1e+20
 20
1e+20
 30
1e+20
  9
$EXTMAX
 10
-1e+20
 20
-1e+20
 30
-1e+20
  9
$LIMMIN
 10
0.0
 20
0.0
  9
$LIMMAX
 10
420.0
 20
297.0
  9
$ORTHOMODE
 70
0
  9
$REGENMODE
 70
1
  9
$FILLMODE
 70
1
  9
$QTEXTMODE
 70
0
  9
$MIRRTEXT
 70
1
  9
$LTSCALE
 40
1.0
  9
$ATTMODE
 70
1
  9
$TEXTSIZE
 40
2.5
  9
$TRACEWID
 40
1.0
  9
$TEXTSTYLE
  7
OpenSans
  9
$CLAYER
  8
0
  9
$CELTYPE
  6
ByLayer
  9
$CECOLOR
 62
256
  9
$CELTSCALE
 40
1.0
  9
$DISPSILH
 70
0
  9
$DIMSCALE
 40
1.0
  9
$DIMASZ
 40
0.175
  9
$DIMEXO
 40
0.125
  9
$DIMDLI
 40
3.75
  9
$DIMRND
 40
0.0
  9
$DIMDLE
 40
0.0
  9
$DIMEXE
 40
0.375
  9
$DIMTP
 40
0.0
  9
$DIMTM
 40
0.0
  9
$DIMTXT
 40
0.25
  9
$DIMCEN
 40
2.5
  9
$DIMTSZ
 40
0.0
  9
$DIMTOL
 70
0
  9
$DIMLIM
 70
0
  9
$DIMTIH
 70
0
  9
$DIMTOH
 70
0
  9
$DIMSE1
 70
0
  9
$DIMSE2
 70
0
  9
$DIMTAD
 70
1
  9
$DIMZIN
 70
12
  9
$DIMBLK
  1
ARCHTICK
  9
$DIMASO
 70
1
  9
$DIMSHO
 70
1
  9
$DIMPOST
  1

  9
$DIMAPOST
  1

  9
$DIMALT
 70
0
  9
$DIMALTD
 70
3
  9
$DIMALTF
 40
0.03937007874
  9
$DIMLFAC
 40
100.0
  9
$DIMTOFL
 70
1
  9
$DIMTVP
 40
0.0
  9
$DIMTIX
 70
0
  9
$DIMSOXD
 70
0
  9
$DIMSAH
 70
0
  9
$DIMBLK1
  1

  9
$DIMBLK2
  1

  9
$DIMSTYLE
  2
EZDXF
  9
$DIMCLRD
 70
0
  9
$DIMCLRE
 70
0
  9
$DIMCLRT
 70
0
  9
$DIMTFAC
 40
0.5
  9
$DIMGAP
 40
0.1
  9
$DIMJUST
 70
0
  9
$DIMSD1
 70
0
  9
$DIMSD2
 70
0
  9
$DIMTOLJ
 70
0
  9
$DIMTZIN
 70
8
  9
$DIMALTZ
 70
0
  9
$DIMALTTZ
 70
0
  9
$DIMUPT
 70
1
  9
$DIMDEC
 70
2
  9
$DIMTDEC
 70
2
  9
$DIMALTU
 70
2
  9
$DIMALTTD
 70
3
  9
$DIMTXSTY
  7
OpenSansCondensed-Light
  9
$DIMAUNIT
 70
0
  9
$DIMADEC
 70
2
  9
$DIMALTRND
 40
0.0
  9
$DIMAZIN
 70
3
  9
$DIMDSEP
 70
46
  9
$DIMATFIT
 70
3
  9
$DIMFRAC
 70
0
  9
$DIMLDRBLK
  1

  9
$DIMLUNIT
 70
2
  9
$DIMLWD
 70
-2
  9
$DIMLWE
 70
-2
  9
$DIMTMOVE
 70
2
  9
$DIMFXL
 40
1.0
  9
$DIMFXLON
 70
0
  9
$DIMJOGANG
 40
0.785398163397
  9
$DIMTFILL
 70
0
  9
$DIMTFILLCLR
 70
0
  9
$DIMARCSYM
 70
0
  9
$DIMLTYPE
  6

  9
$DIMLTEX1
  6

  9
$DIMLTEX2
  6

  9
$DIMTXTDIRECTION
 70
0
  9
$LUNITS
 70
2
  9
$LUPREC
 70
4
  9
$SKETCHINC
 40
1.0
  9
$FILLETRAD
 40
10.0
  9
$AUNITS
 70
0
  9
$AUPREC
 70
2
  9
$MENU
  1
.
  9
$ELEVATION
 40
0.0
  9
$PELEVATION
 40
0.0
  9
$THICKNESS
 40
0.0
  9
$LIMCHECK
 70
0
  9
$CHAMFERA
 40
0.0
  9
$CHAMFERB
 40
0.0
  9
$CHAMFERC
 40
0.0
  9
$CHAMFERD
 40
0.0
  9
$SKPOLY
 70
0
  9
$TDCREATE
 40
2461302.6569675924
  9
$TDUCREATE
 40
2458532.153996898
  9
$TDUPDATE
 40
2461302.6569675924
  9
$TDUUPDATE
 40
2458532.1544311
  9
$TDINDWG
 40
0.0
  9
$TDUSRTIMER
 40
0.0
  9
$USRTIMER
 70
1
  9
$ANGBASE
 50
0.0
  9
$ANGDIR
 70
0
  9
$PDMODE
 70
0
  9
$PDSIZE
 40
0.0
  9
$PLINEWID
 40
0.0
  9
$SPLFRAME
 70
0
  9
$SPLINETYPE
 70
6
  9
$SPLINESEGS
 70
8
  9
$HANDSEED
  5
4E1
  9
$SURFTAB1
 70
6
  9
$SURFTAB2
 70
6
  9
$SURFTYPE
 70
6
  9
$SURFU
 70
6
  9
$SURFV
 70
6
  9
$UCSBASE
  2

  9
$UCSNAME
  2

  9
$UCSORG
 10
0.0
 20
0.0
 30
0.0
  9
$UCSXDIR
 10
1.0
 20
0.0
 30
0.0
  9
$UCSYDIR
 10
0.0
 20
1.0
 30
0.0
  9
$UCSORTHOREF
  2

  9
$UCSORTHOVIEW
 70
0
  9
$UCSORGTOP
 10
0.0
 20
0.0
 30
0.0
  9
$UCSORGBOTTOM
 10
0.0
 20
0.0
 30
0.0
  9
$UCSORGLEFT
 10
0.0
 20
0.0
 30
0.0
  9
$UCSORGRIGHT
 10
0.0
 20
0.0
 30
0.0
  9
$UCSORGFRONT
 10
0.0
 20
0.0
 30
0.0
  9
$UCSORGBACK
 10
0.0
 20
0.0
 30
0.0
  9
$PUCSBASE
  2

  9
$PUCSNAME
  2

  9
$PUCSORG
 10
0.0
 20
0.0
 30
0.0
  9
$PUCSXDIR
 10
1.0
 20
0.0
 30
0.0
  9
$PUCSYDIR
 10
0.0
 20
1.0
 30
0.0
  9
$PUCSORTHOREF
  2

  9
$PUCSORTHOVIEW
 70
0
  9
$PUCSORGTOP
 10
0.0
 20
0.0
 30
0.0
  9
$PUCSORGBOTTOM
 10
0.0
 20
0.0
 30
0.0
  9
$PUCSORGLEFT
 10
0.0
 20
0.0
 30
0.0
  9
$PUCSORGRIGHT
 10
0.0
 20
0.0
 30
0.0
  9
$PUCSORGFRONT
 10
0.0
 20
0.0
 30
0.0
  9
$PUCSORGBACK
 10
0.0
 20
0.0
 30
0.0
  9
$USERI1
 70
0
  9
$USERI2
 70
0
  9
$USERI3
 70
0
  9
$USERI4
 70
0
  9
$USERI5
 70
0
  9
$USERR1
 40
0.0
  9
$USERR2
 40
0.0
  9
$USERR3
 40
0.0
  9
$USERR4
 40
0.0
  9
$USERR5
 40
0.0
  9
$WORLDVIEW
 70
1
  9
$SHADEDGE
 70
3
  9
$SHADEDIF
 70
70
  9
$TILEMODE
 70
1
  9
$MAXACTVP
 70
64
  9
$PINSBASE
 10
0.0
 20
0.0
 30
0.0
  9
$PLIMCHECK
 70
0
  9
$PEXTMIN
 10
1e+20
 20
1e+20
 30
1e+20
  9
$PEXTMAX
 10
-1e+20
 20
-1e+20
 30
-1e+20
  9
$PLIMMIN
 10
-10.0
 20
-10.0
  9
$PLIMMAX
 10
831.0
 20
584.0
  9
$UNITMODE
 70
0
  9
$VISRETAIN
 70
1
  9
$PLINEGEN
 70
0
  9
$PSLTSCALE
 70
1
  9
$TREEDEPTH
 70
3020
  9
$CMLSTYLE
  2
Standard
  9
$CMLJUST
 70
0
  9
$CMLSCALE
 40
20.0
  9
$PROXYGRAPHICS
 70
1
  9
$MEASUREMENT
 70
1
  9
$CELWEIGHT
370
-1
  9
$ENDCAPS
280
0
  9
$JOINSTYLE
280
0
  9
$LWDISPLAY
290
0
  9
$INSUNITS
 70
6
  9
$HYPERLINKBASE
  1

  9
$STYLESHEET
  1

  9
$XEDIT
290
1
  9
$CEPSNTYPE
380
0
  9
$PSTYLEMODE
290
1
  9
$FINGERPRINTGUID
  2
{98E66CE1-0308-4608-94F1-FAFEFAFA67ED}
  9
$VERSIONGUID
  2
{72498659-8440-40E6-ADAC-A4F7561D3B67}
  9
$EXTNAMES
290
1
  9
$PSVPSCALE
 40
0.0
  9
$OLESTARTUP
290
0
  9
$SORTENTS
280
127
  9
$INDEXCTL
280
0
  9
$HIDETEXT
280
1
  9
$XCLIPFRAME
280
1
  9
$HALOGAP
280
0
  9
$OBSCOLOR
 70
257
  9
$OBSLTYPE
280
0
  9
$INTERSECTIONDISPLAY
280
0
  9
$INTERSECTIONCOLOR
 70
257
  9
$DIMASSOC
280
2
  9
$PROJECTNAME
  1

  9
$CAMERADISPLAY
290
0
  9
$LENSLENGTH
 40
50.0
  9
$CAMERAHEIGHT
 40
0.0
  9
$STEPSPERSEC
 40
24.0
  9
$STEPSIZE
 40
100.0
  9
$3DDWFPREC
 40
2.0
  9
$PSOLWIDTH
 40
0.005
  9
$PSOLHEIGHT
 40
0.08
  9
$LOFTANG1
 40
1.570796326795
  9
$LOFTANG2
 40
1.570796326795
  9
$LOFTMAG1
 40
0.0
  9
$LOFTMAG2
 40
0.0
  9
$LOFTPARAM
 70
7
  9
$LOFTNORMALS
280
1
  9
$LATITUDE
 40
37.795
  9
$LONGITUDE
 40
-122.394
  9
$NORTHDIRECTION
 40
0.0
  9
$TIMEZONE
 70
-8000
  9
$LIGHTGLYPHDISPLAY
280
1
  9
$TILEMODELIGHTSYNCH
280
1
  9
$CMATERIAL
347
20
  9
$SOLIDHIST
280
0
  9
$SHOWHIST
280
1
  9
$DWFFRAME
280
2
  9
$DGNFRAME
280
2
  9
$REALWORLDSCALE
290
1
  9
$INTERFERECOLOR
 62
256
  9
$CSHADOW
280
0
  9
$SHADOWPLANELOCATION
 40
0.0
  0
ENDSEC
  0
SECTION
  2
CLASSES
  0
CLASS
  1
ACDBDICTIONARYWDFLT
  2
AcDbDictionaryWithDefault
  3
ObjectDBX Classes
 90
0
 91
0
280
0
281
0
  0
CLASS
  1
SUN
  2
AcDbSun
  3
SCENEOE
 90
1153
 91
0
280
0
281
0
  0
CLASS
  1
VISUALSTYLE
  2
AcDbVisualStyle
  3
ObjectDBX Classes
 90
4095
 91
0
280
0
281
0
  0
CLASS
  1
MATERIAL
  2
AcDbMaterial
  3
ObjectDBX Classes
 90
1153
 91
0
280
0
281
0
  0
CLASS
  1
SCALE
  2
AcDbScale
  3
ObjectDBX Classes
 90
1153
 91
0
280
0
281
0
  0
CLASS
  1
TABLESTYLE
  2
AcDbTableStyle
  3
ObjectDBX Classes
 90
4095
 91
0
280
0
281
0
  0
CLASS
  1
MLEADERSTYLE
  2
AcDbMLeaderStyle
  3
ACDB_MLEADERSTYLE_CLASS
 90
4095
 91
0
280
0
281
0
  0
CLASS
  1
DICTIONARYVAR
  2
AcDbDictionaryVar
  3
ObjectDBX Classes
 90
0
 91
0
280
0
281
0
  0
CLASS
  1
CELLSTYLEMAP
  2
AcDbCellStyleMap
  3
ObjectDBX Classes
 90
1152
 91
0
280
0
281
0
  0
CLASS
  1
MENTALRAYRENDERSETTINGS
  2
AcDbMentalRayRenderSettings
  3
SCENEOE
 90
1024
 91
0
280
0
281
0
  0
CLASS
  1
ACDBDETAILVIEWSTYLE
  2
AcDbDetailViewStyle
  3
ObjectDBX Classes
 90
1025
 91
0
280
0
281
0
  0
CLASS
  1
ACDBSECTIONVIEWSTYLE
  2
AcDbSectionViewStyle
  3
ObjectDBX Classes
 90
1025
 91
0
280
0
281
0
  0
CLASS
  1
RASTERVARIABLES
  2
AcDbRasterVariables
  3
ISM
 90
0
 91
0
280
0
281
0
  0
CLASS
  1
LAYOUT
  2
AcDbLayout
  3
ObjectDBX Classes
 90
0
 91
0
280
0
281
0
  0
CLASS
  1
ACDBPLACEHOLDER
  2
AcDbPlaceHolder
  3
ObjectDBX Classes
 90
0
 91
0
280
0
281
0
  0
ENDSEC
  0
SECTION
  2
TABLES
  0
TABLE
  2
VPORT
  5
8
330
0
100
AcDbSymbolTable
 70
1
  0
VPORT
  5
23
330
8
100
AcDbSymbolTableRecord
100
AcDbViewportTableRecord
  2
*Active
 70
0
 10
0.0
 20
0.0
 11
1.0
 21
1.0
 12
0.0
 22
0.0
 13
0.0
 23
0.0
 14
0.5
 24
0.5
 15
0.5
 25
0.5
 16
0.0
 26
0.0
 36
1.0
 17
0.0
 27
0.0
 37
0.0
 40
1000.0
 41
1.34
 42
50.0
 43
0.0
 44
0.0
 50
0.0
 51
0.0
 71
0
 72
1000
 73
1
 74
3
 75
0
 76
0
 77
0
 78
0
281
0
 65
0
146
0.0
  0
ENDTAB
  0
TABLE
  2
LTYPE
  5
2
330
0
100
AcDbSymbolTable
 70
25
  0
LTYPE
  5
24
330
2
100
AcDbSymbolTableRecord
100
AcDbLinetypeTableRecord
  2
ByBlock
 70
0
  3

 72
65
 73
0
 40
0.0
  0
LTYPE
  5
25
330
2
100
AcDbSymbolTableRecord
100
AcDbLinetypeTableRecord
  2
ByLayer
 70
0
  3

 72
65
 73
0
 40
0.0
  0
LTYPE
  5
26
330
2
100
AcDbSymbolTableRecord
100
AcDbLinetypeTableRecord
  2
Continuous
 70
0
  3

 72
65
 73
0
 40
0.0
  0
LTYPE
  5
2F
330
2
100
AcDbSymbolTableRecord
100
AcDbLinetypeTableRecord
  2
CENTER
 70
0
  3
Center ____ _ ____ _ ____ _ ____ _ ____ _ ____
 72
65
 73
4
 40
5.08
 49
3.175
 74
0
 49
-0.635
 74
0
 49
0.635
 74
0
 49
-0.635
 74
0
  0
LTYPE
  5
30
330
2
100
AcDbSymbolTableRecord
100
AcDbLinetypeTableRecord
  2
CENTERX2
 70
0
  3
Center (2x) ________  __  ________  __  ________
 72
65
 73
4
 40
8.89
 49
6.35
 74
0
 49
-0.635
 74
0
 49
1.27
 74
0
 49
-0.635
 74
0
  0
LTYPE
  5
31
330
2
100
AcDbSymbolTableRecord
100
AcDbLinetypeTableRecord
  2
CENTER2
 70
0
  3
Center (.5x) ____ _ ____ _ ____ _ ____ _ ____
 72
65
 73
4
 40
2.54
 49
1.587
 74
0
 49
-0.318
 74
0
 49
0.318
 74
0
 49
-0.318
 74
0
  0
LTYPE
  5
32
330
2
100
AcDbSymbolTableRecord
100
AcDbLinetypeTableRecord
  2
DASHED
 70
0
  3
Dashed __ __ __ __ __ __ __ __ __ __ __ __ __ _
 72
65
 73
2
 40
1.524
 49
1.27
 74
0
 49
-0.254
 74
0
  0
LTYPE
  5
33
330
2
100
AcDbSymbolTableRecord
100
AcDbLinetypeTableRecord
  2
DASHEDX2
 70
0
  3
Dashed (2x) ____  ____  ____  ____  ____  ____
 72
65
 73
2
 40
3.048
 49
2.54
 74
0
 49
-0.508
 74
0
  0
LTYPE
  5
34
330
2
100
AcDbSymbolTableRecord
100
AcDbLinetypeTableRecord
  2
DASHED2
 70
0
  3
Dashed (.5x) _ _ _ _ _ _ _ _ _ _ _ _ _ _
 72
65
 73
2
 40
0.762
 49
0.635
 74
0
 49
-0.127
 74
0
  0
LTYPE
  5
35
330
2
100
AcDbSymbolTableRecord
100
AcDbLinetypeTableRecord
  2
PHANTOM
 70
0
  3
Phantom ______  __  __  ______  __  __  ______
 72
65
 73
6
 40
6.35
 49
3.175
 74
0
 49
-0.635
 74
0
 49
0.635
 74
0
 49
-0.635
 74
0
 49
0.635
 74
0
 49
-0.635
 74
0
  0
LTYPE
  5
36
330
2
100
AcDbSymbolTableRecord
100
AcDbLinetypeTableRecord
  2
PHANTOMX2
 70
0
  3
Phantom (2x)____________    ____    ____    ____________
 72
65
 73
6
 40
10.795
 49
6.35
 74
0
 49
-0.635
 74
0
 49
1.27
 74
0
 49
-0.635
 74
0
 49
1.27
 74
0
 49
-0.635
 74
0
  0
LTYPE
  5
37
330
2
100
AcDbSymbolTableRecord
100
AcDbLinetypeTableRecord
  2
PHANTOM2
 70
0
  3
Phantom (.5x) ___ _ _ ___ _ _ ___ _ _ ___ _ _ ___
 72
65
 73
6
 40
3.175
 49
1.587
 74
0
 49
-0.318
 74
0
 49
0.318
 74
0
 49
-0.318
 74
0
 49
0.318
 74
0
 49
-0.318
 74
0
  0
LTYPE
  5
38
330
2
100
AcDbSymbolTableRecord
100
AcDbLinetypeTableRecord
  2
DASHDOT
 70
0
  3
Dash dot __ . __ . __ . __ . __ . __ . __ . __
 72
65
 73
4
 40
3.556
 49
2.54
 74
0
 49
-0.508
 74
0
 49
0.0
 74
0
 49
-0.508
 74
0
  0
LTYPE
  5
39
330
2
100
AcDbSymbolTableRecord
100
AcDbLinetypeTableRecord
  2
DASHDOTX2
 70
0
  3
Dash dot (2x) ____  .  ____  .  ____  .  ____
 72
65
 73
4
 40
6.096
 49
5.08
 74
0
 49
-0.508
 74
0
 49
0.0
 74
0
 49
-0.508
 74
0
  0
LTYPE
  5
3A
330
2
100
AcDbSymbolTableRecord
100
AcDbLinetypeTableRecord
  2
DASHDOT2
 70
0
  3
Dash dot (.5x) _ . _ . _ . _ . _ . _ . _ . _
 72
65
 73
4
 40
1.778
 49
1.27
 74
0
 49
-0.254
 74
0
 49
0.0
 74
0
 49
-0.254
 74
0
  0
LTYPE
  5
3B
330
2
100
AcDbSymbolTableRecord
100
AcDbLinetypeTableRecord
  2
DOT
 70
0
  3
Dot .  .  .  .  .  .  .  .  .  .  .  .  .  .  .  .
 72
65
 73
2
 40
0.508
 49
0.0
 74
0
 49
-0.508
 74
0
  0
LTYPE
  5
3C
330
2
100
AcDbSymbolTableRecord
100
AcDbLinetypeTableRecord
  2
DOTX2
 70
0
  3
Dot (2x) .    .    .    .    .    .    .    . 
 72
65
 73
2
 40
1.016
 49
0.0
 74
0
 49
-1.016
 74
0
  0
LTYPE
  5
3D
330
2
100
AcDbSymbolTableRecord
100
AcDbLinetypeTableRecord
  2
DOT2
 70
0
  3
Dot (.5) . . . . . . . . . . . . . . . . . . . 
 72
65
 73
2
 40
0.254
 49
0.0
 74
0
 49
-0.254
 74
0
  0
LTYPE
  5
3E
330
2
100
AcDbSymbolTableRecord
100
AcDbLinetypeTableRecord
  2
DIVIDE
 70
0
  3
Divide __ . . __ . . __ . . __ . . __ . . __
 72
65
 73
6
 40
4.064
 49
2.54
 74
0
 49
-0.508
 74
0
 49
0.0
 74
0
 49
-0.508
 74
0
 49
0.0
 74
0
 49
-0.508
 74
0
  0
LTYPE
  5
3F
330
2
100
AcDbSymbolTableRecord
100
AcDbLinetypeTableRecord
  2
DIVIDEX2
 70
0
  3
Divide (2x) ____  . .  ____  . .  ____  . .  ____
 72
65
 73
6
 40
6.604
 49
5.08
 74
0
 49
-0.508
 74
0
 49
0.0
 74
0
 49
-0.508
 74
0
 49
0.0
 74
0
 49
-0.508
 74
0
  0
LTYPE
  5
40
330
2
100
AcDbSymbolTableRecord
100
AcDbLinetypeTableRecord
  2
DIVIDE2
 70
0
  3
Divide(.5x) _ . _ . _ . _ . _ . _ . _ . _
 72
65
 73
6
 40
2.032
 49
1.27
 74
0
 49
-0.254
 74
0
 49
0.0
 74
0
 49
-0.254
 74
0
 49
0.0
 74
0
 49
-0.254
 74
0
  0
LTYPE
  5
8B
330
2
100
AcDbSymbolTableRecord
100
AcDbLinetypeTableRecord
  2
DASHEDX
 70
0
  3

 72
65
 73
2
 40
1.2
 49
0.75
 74
0
 49
-0.45
 74
0
  0
LTYPE
  5
8C
330
2
100
AcDbSymbolTableRecord
100
AcDbLinetypeTableRecord
  2
DOTTEDX
 70
0
  3

 72
65
 73
2
 40
0.5
 49
0.08
 74
0
 49
-0.42
 74
0
  0
LTYPE
  5
8D
330
2
100
AcDbSymbolTableRecord
100
AcDbLinetypeTableRecord
  2
DASHDOTX
 70
0
  3

 72
65
 73
6
 40
1.8
 49
0.9
 74
0
 49
-0.35
 74
0
 49
0.08
 74
0
 49
-0.35
 74
0
 49
0.08
 74
0
 49
-0.04
 74
0
  0
LTYPE
  5
8E
330
2
100
AcDbSymbolTableRecord
100
AcDbLinetypeTableRecord
  2
LONGDASHX
 70
0
  3

 72
65
 73
2
 40
2.4
 49
1.7
 74
0
 49
-0.7
 74
0
  0
ENDTAB
  0
TABLE
  2
LAYER
  5
1
330
0
100
AcDbSymbolTable
 70
23
  0
LAYER
  5
27
330
1
100
AcDbSymbolTableRecord
100
AcDbLayerTableRecord
  2
0
 70
0
 62
7
  6
Continuous
370
-3
390
13
347
21
  0
LAYER
  5
28
330
1
100
AcDbSymbolTableRecord
100
AcDbLayerTableRecord
  2
Defpoints
 70
0
 62
7
  6
Continuous
290
0
370
-3
390
13
347
21
  0
LAYER
  5
8F
330
1
100
AcDbSymbolTableRecord
100
AcDbLayerTableRecord
  2
SITE
 70
0
 62
7
  6
CONTINUOUS
370
50
390
13
347
21
  0
LAYER
  5
90
330
1
100
AcDbSymbolTableRecord
100
AcDbLayerTableRecord
  2
STRUCT-OUT
 70
0
 62
7
  6
CONTINUOUS
370
35
390
13
347
21
  0
LAYER
  5
91
330
1
100
AcDbSymbolTableRecord
100
AcDbLayerTableRecord
  2
STRUCT-IN
 70
0
 62
7
  6
CONTINUOUS
370
25
390
13
347
21
  0
LAYER
  5
92
330
1
100
AcDbSymbolTableRecord
100
AcDbLayerTableRecord
  2
ENVELOPE
 70
0
 62
7
  6
DASHEDX
370
13
390
13
347
21
  0
LAYER
  5
93
330
1
100
AcDbSymbolTableRecord
100
AcDbLayerTableRecord
  2
ROAD
 70
0
 62
7
  6
CONTINUOUS
370
25
390
13
347
21
  0
LAYER
  5
94
330
1
100
AcDbSymbolTableRecord
100
AcDbLayerTableRecord
  2
ROAD-CENTER
 70
0
 62
7
  6
DASHDOTX
370
13
390
13
347
21
  0
LAYER
  5
95
330
1
100
AcDbSymbolTableRecord
100
AcDbLayerTableRecord
  2
GREEN
 70
0
 62
7
  6
CONTINUOUS
370
13
390
13
347
21
  0
LAYER
  5
96
330
1
100
AcDbSymbolTableRecord
100
AcDbLayerTableRecord
  2
ZONE-A
 70
0
 62
7
  6
LONGDASHX
370
25
390
13
347
21
  0
LAYER
  5
97
330
1
100
AcDbSymbolTableRecord
100
AcDbLayerTableRecord
  2
ZONE-B
 70
0
 62
7
  6
DASHDOTX
370
25
390
13
347
21
  0
LAYER
  5
98
330
1
100
AcDbSymbolTableRecord
100
AcDbLayerTableRecord
  2
W-MAIN
 70
0
 62
7
  6
CONTINUOUS
370
50
390
13
347
21
  0
LAYER
  5
99
330
1
100
AcDbSymbolTableRecord
100
AcDbLayerTableRecord
  2
RAS
 70
0
 62
7
  6
DASHEDX
370
40
390
13
347
21
  0
LAYER
  5
9A
330
1
100
AcDbSymbolTableRecord
100
AcDbLayerTableRecord
  2
IR
 70
0
 62
7
  6
DASHDOTX
370
30
390
13
347
21
  0
LAYER
  5
9B
330
1
100
AcDbSymbolTableRecord
100
AcDbLayerTableRecord
  2
AIR
 70
0
 62
7
  6
DOTTEDX
370
25
390
13
347
21
  0
LAYER
  5
9C
330
1
100
AcDbSymbolTableRecord
100
AcDbLayerTableRecord
  2
SLUDGE
 70
0
 62
7
  6
LONGDASHX
370
30
390
13
347
21
  0
LAYER
  5
9D
330
1
100
AcDbSymbolTableRecord
100
AcDbLayerTableRecord
  2
BYPASS
 70
0
 62
7
  6
DASHDOTX
370
35
390
13
347
21
  0
LAYER
  5
9E
330
1
100
AcDbSymbolTableRecord
100
AcDbLayerTableRecord
  2
FLOW
 70
0
 62
7
  6
CONTINUOUS
370
25
390
13
347
21
  0
LAYER
  5
9F
330
1
100
AcDbSymbolTableRecord
100
AcDbLayerTableRecord
  2
DIM
 70
0
 62
7
  6
CONTINUOUS
370
18
390
13
347
21
  0
LAYER
  5
A0
330
1
100
AcDbSymbolTableRecord
100
AcDbLayerTableRecord
  2
COORD
 70
0
 62
7
  6
CONTINUOUS
370
13
390
13
347
21
  0
LAYER
  5
A1
330
1
100
AcDbSymbolTableRecord
100
AcDbLayerTableRecord
  2
TEXT
 70
0
 62
7
  6
CONTINUOUS
370
18
390
13
347
21
  0
LAYER
  5
A2
330
1
100
AcDbSymbolTableRecord
100
AcDbLayerTableRecord
  2
NOTE
 70
0
 62
7
  6
CONTINUOUS
370
18
390
13
347
21
  0
LAYER
  5
A3
330
1
100
AcDbSymbolTableRecord
100
AcDbLayerTableRecord
  2
PAPER
 70
0
 62
7
  6
CONTINUOUS
370
25
390
13
347
21
  0
ENDTAB
  0
TABLE
  2
STYLE
  5
5
330
0
100
AcDbSymbolTable
 70
27
  0
STYLE
  5
29
330
5
100
AcDbSymbolTableRecord
100
AcDbTextStyleTableRecord
  2
Standard
 70
0
 40
0.0
 41
1.0
 50
0.0
 71
0
 42
2.5
  3
txt
  4

  0
STYLE
  5
41
330
5
100
AcDbSymbolTableRecord
100
AcDbTextStyleTableRecord
  2
OpenSans-Light
 70
0
 40
0.0
 41
1.0
 50
0.0
 71
0
 42
2.5
  3
OpenSans-Light.ttf
  4

  0
STYLE
  5
42
330
5
100
AcDbSymbolTableRecord
100
AcDbTextStyleTableRecord
  2
OpenSans-Light-Italic
 70
0
 40
0.0
 41
1.0
 50
0.0
 71
0
 42
2.5
  3
OpenSans-LightItalic.ttf
  4

  0
STYLE
  5
43
330
5
100
AcDbSymbolTableRecord
100
AcDbTextStyleTableRecord
  2
OpenSans
 70
0
 40
0.0
 41
1.0
 50
0.0
 71
0
 42
2.5
  3
OpenSans-Regular.ttf
  4

  0
STYLE
  5
44
330
5
100
AcDbSymbolTableRecord
100
AcDbTextStyleTableRecord
  2
OpenSans-Italic
 70
0
 40
0.0
 41
1.0
 50
0.0
 71
0
 42
2.5
  3
OpenSans-Italic.ttf
  4

  0
STYLE
  5
45
330
5
100
AcDbSymbolTableRecord
100
AcDbTextStyleTableRecord
  2
OpenSans-SemiBold
 70
0
 40
0.0
 41
1.0
 50
0.0
 71
0
 42
2.5
  3
OpenSans-SemiBold.ttf
  4

  0
STYLE
  5
46
330
5
100
AcDbSymbolTableRecord
100
AcDbTextStyleTableRecord
  2
OpenSans-SemiBoldItalic
 70
0
 40
0.0
 41
1.0
 50
0.0
 71
0
 42
2.5
  3
OpenSans-SemiBoldItalic.ttf
  4

  0
STYLE
  5
47
330
5
100
AcDbSymbolTableRecord
100
AcDbTextStyleTableRecord
  2
OpenSans-Bold
 70
0
 40
0.0
 41
1.0
 50
0.0
 71
0
 42
2.5
  3
OpenSans-Bold.ttf
  4

  0
STYLE
  5
48
330
5
100
AcDbSymbolTableRecord
100
AcDbTextStyleTableRecord
  2
OpenSans-BoldItalic
 70
0
 40
0.0
 41
1.0
 50
0.0
 71
0
 42
2.5
  3
OpenSans-BoldItalic.ttf
  4

  0
STYLE
  5
49
330
5
100
AcDbSymbolTableRecord
100
AcDbTextStyleTableRecord
  2
OpenSans-ExtraBold
 70
0
 40
0.0
 41
1.0
 50
0.0
 71
0
 42
2.5
  3
OpenSans-ExtraBold.ttf
  4

  0
STYLE
  5
4A
330
5
100
AcDbSymbolTableRecord
100
AcDbTextStyleTableRecord
  2
OpenSans-ExtraBoldItalic
 70
0
 40
0.0
 41
1.0
 50
0.0
 71
0
 42
2.5
  3
OpenSans-ExtraBoldItalic.ttf
  4

  0
STYLE
  5
4B
330
5
100
AcDbSymbolTableRecord
100
AcDbTextStyleTableRecord
  2
OpenSansCondensed-Bold
 70
0
 40
0.0
 41
1.0
 50
0.0
 71
0
 42
2.5
  3
OpenSansCondensed-Bold.ttf
  4

  0
STYLE
  5
4C
330
5
100
AcDbSymbolTableRecord
100
AcDbTextStyleTableRecord
  2
OpenSansCondensed-Light
 70
0
 40
0.0
 41
1.0
 50
0.0
 71
0
 42
2.5
  3
OpenSansCondensed-Light.ttf
  4

  0
STYLE
  5
4D
330
5
100
AcDbSymbolTableRecord
100
AcDbTextStyleTableRecord
  2
OpenSansCondensed-Italic
 70
0
 40
0.0
 41
1.0
 50
0.0
 71
0
 42
2.5
  3
OpenSansCondensed-LightItalic.ttf
  4

  0
STYLE
  5
4E
330
5
100
AcDbSymbolTableRecord
100
AcDbTextStyleTableRecord
  2
LiberationSans
 70
0
 40
0.0
 41
1.0
 50
0.0
 71
0
 42
2.5
  3
LiberationSans-Regular.ttf
  4

  0
STYLE
  5
4F
330
5
100
AcDbSymbolTableRecord
100
AcDbTextStyleTableRecord
  2
LiberationSans-Bold
 70
0
 40
0.0
 41
1.0
 50
0.0
 71
0
 42
2.5
  3
LiberationSans-Bold.ttf
  4

  0
STYLE
  5
50
330
5
100
AcDbSymbolTableRecord
100
AcDbTextStyleTableRecord
  2
LiberationSans-BoldItalic
 70
0
 40
0.0
 41
1.0
 50
0.0
 71
0
 42
2.5
  3
LiberationSans-BoldItalic.ttf
  4

  0
STYLE
  5
51
330
5
100
AcDbSymbolTableRecord
100
AcDbTextStyleTableRecord
  2
LiberationSans-Italic
 70
0
 40
0.0
 41
1.0
 50
0.0
 71
0
 42
2.5
  3
LiberationSans-Italic.ttf
  4

  0
STYLE
  5
52
330
5
100
AcDbSymbolTableRecord
100
AcDbTextStyleTableRecord
  2
LiberationSerif
 70
0
 40
0.0
 41
1.0
 50
0.0
 71
0
 42
2.5
  3
LiberationSerif-Regular.ttf
  4

  0
STYLE
  5
53
330
5
100
AcDbSymbolTableRecord
100
AcDbTextStyleTableRecord
  2
LiberationSerif-Bold
 70
0
 40
0.0
 41
1.0
 50
0.0
 71
0
 42
2.5
  3
LiberationSerif-Bold.ttf
  4

  0
STYLE
  5
54
330
5
100
AcDbSymbolTableRecord
100
AcDbTextStyleTableRecord
  2
LiberationSerif-BoldItalic
 70
0
 40
0.0
 41
1.0
 50
0.0
 71
0
 42
2.5
  3
LiberationSerif-BoldItalic.ttf
  4

  0
STYLE
  5
55
330
5
100
AcDbSymbolTableRecord
100
AcDbTextStyleTableRecord
  2
LiberationSerif-Italic
 70
0
 40
0.0
 41
1.0
 50
0.0
 71
0
 42
2.5
  3
LiberationSerif-Italic.ttf
  4

  0
STYLE
  5
56
330
5
100
AcDbSymbolTableRecord
100
AcDbTextStyleTableRecord
  2
LiberationMono
 70
0
 40
0.0
 41
1.0
 50
0.0
 71
0
 42
2.5
  3
LiberationMono-Regular.ttf
  4

  0
STYLE
  5
57
330
5
100
AcDbSymbolTableRecord
100
AcDbTextStyleTableRecord
  2
LiberationMono-Bold
 70
0
 40
0.0
 41
1.0
 50
0.0
 71
0
 42
2.5
  3
LiberationMono-Bold.ttf
  4

  0
STYLE
  5
58
330
5
100
AcDbSymbolTableRecord
100
AcDbTextStyleTableRecord
  2
LiberationMono-BoldItalic
 70
0
 40
0.0
 41
1.0
 50
0.0
 71
0
 42
2.5
  3
LiberationMono-BoldItalic.ttf
  4

  0
STYLE
  5
59
330
5
100
AcDbSymbolTableRecord
100
AcDbTextStyleTableRecord
  2
LiberationMono-Italic
 70
0
 40
0.0
 41
1.0
 50
0.0
 71
0
 42
2.5
  3
LiberationMono-Italic.ttf
  4

  0
STYLE
  5
8A
330
5
100
AcDbSymbolTableRecord
100
AcDbTextStyleTableRecord
  2
CN
 70
0
 40
0.0
 41
1.0
 50
0.0
 71
0
 42
2.5
  3
simsun.ttf
  4

  0
ENDTAB
  0
TABLE
  2
VIEW
  5
7
330
0
100
AcDbSymbolTable
 70
0
  0
ENDTAB
  0
TABLE
  2
UCS
  5
6
330
0
100
AcDbSymbolTable
 70
0
  0
ENDTAB
  0
TABLE
  2
APPID
  5
3
330
0
100
AcDbSymbolTable
 70
3
  0
APPID
  5
2A
330
3
100
AcDbSymbolTableRecord
100
AcDbRegAppTableRecord
  2
ACAD
 70
0
  0
APPID
  5
4DE
330
3
100
AcDbSymbolTableRecord
100
AcDbRegAppTableRecord
  2
HATCHBACKGROUNDCOLOR
 70
0
  0
APPID
  5
4DF
330
3
100
AcDbSymbolTableRecord
100
AcDbRegAppTableRecord
  2
EZDXF
 70
0
  0
ENDTAB
  0
TABLE
  2
DIMSTYLE
  5
4
330
0
100
AcDbSymbolTable
 70
12
100
AcDbDimStyleTable
  0
DIMSTYLE
105
2B
330
4
100
AcDbSymbolTableRecord
100
AcDbDimStyleTableRecord
  2
Standard
 70
0
 40
1.0
 41
2.5
 42
0.625
 43
3.75
 44
1.25
 45
0.0
 46
0.0
 47
0.0
 48
0.0
 49
2.5
140
2.5
141
2.5
142
0.0
143
0.03937007874
144
1.0
145
0.0
146
1.0
147
0.625
148
0.0
 69
0
 70
0
 71
0
 72
0
 73
0
 74
0
 75
0
 76
0
 77
1
 78
8
 79
3
170
0
171
3
172
1
173
0
174
0
175
0
176
0
177
0
178
0
179
2
271
2
272
2
273
2
274
3
275
0
276
0
277
2
278
44
279
0
280
0
281
0
282
0
283
0
284
8
285
0
286
0
288
0
289
3
290
0
371
-2
372
-2
  0
DIMSTYLE
105
73
330
4
100
AcDbSymbolTableRecord
100
AcDbDimStyleTableRecord
  2
EZDXF
 70
0
 40
1.0
 41
0.175
 42
0.125
 43
3.75
 44
0.375
 45
0.0
 46
0.0
 47
0.0
 48
0.0
 49
2.5
140
0.25
141
2.5
142
0.0
143
0.03937007874
144
100.0
145
0.0
146
0.5
147
0.1
148
0.0
 69
0
 70
0
 71
0
 72
0
 73
0
 74
0
 75
0
 76
0
 77
1
 78
12
 79
3
170
0
171
3
172
1
173
0
174
0
175
0
176
0
177
0
178
0
179
2
271
2
272
2
273
2
274
3
275
0
276
0
277
2
278
46
279
2
280
0
281
0
282
0
283
0
284
8
285
0
286
0
288
1
289
3
290
0
340
4C
342
74
371
-2
372
-2
  0
DIMSTYLE
105
7C
330
4
100
AcDbSymbolTableRecord
100
AcDbDimStyleTableRecord
  2
EZ_M_100_H25_CM
 70
0
 40
1.0
 41
0.25
 42
0.125
 43
3.75
 44
0.375
 45
0.0
 46
0.0
 47
0.0
 48
0.0
 49
2.5
140
0.25
141
2.5
142
0.125
143
0.03937007874
144
100.0
145
0.0
146
0.5
147
0.1
148
0.0
 69
0
 70
0
 71
0
 72
0
 73
0
 74
0
 75
0
 76
0
 77
1
 78
12
 79
3
170
0
171
3
172
1
173
0
174
0
175
0
176
0
177
0
178
0
179
2
271
2
272
2
273
2
274
3
275
0
276
0
277
2
278
46
279
2
280
0
281
0
282
0
283
0
284
8
285
0
286
0
288
1
289
3
290
0
340
4C
371
-2
372
-2
  0
DIMSTYLE
105
7D
330
4
100
AcDbSymbolTableRecord
100
AcDbDimStyleTableRecord
  2
EZ_M_50_H25_CM
 70
0
 40
1.0
 41
0.125
 42
0.0625
 43
3.75
 44
0.1875
 45
0.0
 46
0.0
 47
0.0
 48
0.0
 49
2.5
140
0.125
141
2.5
142
0.0625
143
0.03937007874
144
100.0
145
0.0
146
0.5
147
0.05
148
0.0
 69
0
 70
0
 71
0
 72
0
 73
0
 74
0
 75
0
 76
0
 77
1
 78
12
 79
3
170
0
171
3
172
1
173
0
174
0
175
0
176
0
177
0
178
0
179
2
271
2
272
2
273
2
274
3
275
0
276
0
277
2
278
46
279
2
280
0
281
0
282
0
283
0
284
8
285
0
286
0
288
1
289
3
290
0
340
4C
371
-2
372
-2
  0
DIMSTYLE
105
7E
330
4
100
AcDbSymbolTableRecord
100
AcDbDimStyleTableRecord
  2
EZ_M_25_H25_CM
 70
0
 40
1.0
 41
0.0625
 42
0.03125
 43
3.75
 44
0.09375
 45
0.0
 46
0.0
 47
0.0
 48
0.0
 49
2.5
140
0.0625
141
2.5
142
0.03125
143
0.03937007874
144
100.0
145
0.0
146
0.5
147
0.025
148
0.0
 69
0
 70
0
 71
0
 72
0
 73
0
 74
0
 75
0
 76
0
 77
1
 78
12
 79
3
170
0
171
3
172
1
173
0
174
0
175
0
176
0
177
0
178
0
179
2
271
2
272
2
273
2
274
3
275
0
276
0
277
2
278
46
279
2
280
0
281
0
282
0
283
0
284
8
285
0
286
0
288
1
289
3
290
0
340
4C
371
-2
372
-2
  0
DIMSTYLE
105
7F
330
4
100
AcDbSymbolTableRecord
100
AcDbDimStyleTableRecord
  2
EZ_M_20_H25_CM
 70
0
 40
1.0
 41
0.05
 42
0.025
 43
3.75
 44
0.07500000000000001
 45
0.0
 46
0.0
 47
0.0
 48
0.0
 49
2.5
140
0.05
141
2.5
142
0.025
143
0.03937007874
144
100.0
145
0.0
146
0.5
147
0.020000000000000004
148
0.0
 69
0
 70
0
 71
0
 72
0
 73
0
 74
0
 75
0
 76
0
 77
1
 78
12
 79
3
170
0
171
3
172
1
173
0
174
0
175
0
176
0
177
0
178
0
179
2
271
2
272
2
273
2
274
3
275
0
276
0
277
2
278
46
279
2
280
0
281
0
282
0
283
0
284
8
285
0
286
0
288
1
289
3
290
0
340
4C
371
-2
372
-2
  0
DIMSTYLE
105
80
330
4
100
AcDbSymbolTableRecord
100
AcDbDimStyleTableRecord
  2
EZ_M_10_H25_CM
 70
0
 40
1.0
 41
0.025
 42
0.0125
 43
3.75
 44
0.037500000000000006
 45
0.0
 46
0.0
 47
0.0
 48
0.0
 49
2.5
140
0.025
141
2.5
142
0.0125
143
0.03937007874
144
100.0
145
0.0
146
0.5
147
0.010000000000000002
148
0.0
 69
0
 70
0
 71
0
 72
0
 73
0
 74
0
 75
0
 76
0
 77
1
 78
12
 79
3
170
0
171
3
172
1
173
0
174
0
175
0
176
0
177
0
178
0
179
2
271
2
272
2
273
2
274
3
275
0
276
0
277
2
278
46
279
2
280
0
281
0
282
0
283
0
284
8
285
0
286
0
288
1
289
3
290
0
340
4C
371
-2
372
-2
  0
DIMSTYLE
105
81
330
4
100
AcDbSymbolTableRecord
100
AcDbDimStyleTableRecord
  2
EZ_M_5_H25_CM
 70
0
 40
1.0
 41
0.0125
 42
0.00625
 43
3.75
 44
0.018750000000000003
 45
0.0
 46
0.0
 47
0.0
 48
0.0
 49
2.5
140
0.0125
141
2.5
142
0.00625
143
0.03937007874
144
100.0
145
0.0
146
0.5
147
0.005000000000000001
148
0.0
 69
0
 70
0
 71
0
 72
0
 73
0
 74
0
 75
0
 76
0
 77
1
 78
12
 79
3
170
0
171
3
172
1
173
0
174
0
175
0
176
0
177
0
178
0
179
2
271
2
272
2
273
2
274
3
275
0
276
0
277
2
278
46
279
2
280
0
281
0
282
0
283
0
284
8
285
0
286
0
288
1
289
3
290
0
340
4C
371
-2
372
-2
  0
DIMSTYLE
105
82
330
4
100
AcDbSymbolTableRecord
100
AcDbDimStyleTableRecord
  2
EZ_M_1_H25_CM
 70
0
 40
1.0
 41
0.0025
 42
0.00125
 43
3.75
 44
0.00375
 45
0.0
 46
0.0
 47
0.0
 48
0.0
 49
2.5
140
0.0025
141
2.5
142
0.00125
143
0.03937007874
144
100.0
145
0.0
146
0.5
147
0.001
148
0.0
 69
0
 70
0
 71
0
 72
0
 73
0
 74
0
 75
0
 76
0
 77
1
 78
12
 79
3
170
0
171
3
172
1
173
0
174
0
175
0
176
0
177
0
178
0
179
2
271
2
272
2
273
2
274
3
275
0
276
0
277
2
278
46
279
2
280
0
281
0
282
0
283
0
284
8
285
0
286
0
288
1
289
3
290
0
340
4C
371
-2
372
-2
  0
DIMSTYLE
105
83
330
4
100
AcDbSymbolTableRecord
100
AcDbDimStyleTableRecord
  2
EZ_RADIUS
 70
0
 40
1.0
 41
0.25
 42
0.125
 43
3.75
 44
0.375
 45
0.0
 46
0.0
 47
0.0
 48
0.0
 49
2.5
140
0.25
141
0.0
142
0.0
143
0.03937007874
144
100.0
145
0.0
146
0.5
147
0.1
148
0.0
 69
0
 70
0
 71
0
 72
0
 73
0
 74
0
 75
0
 76
0
 77
1
 78
12
 79
3
170
0
171
3
172
0
173
0
174
0
175
0
176
0
177
0
178
0
179
2
271
2
272
2
273
2
274
3
275
0
276
0
277
2
278
46
279
1
280
0
281
0
282
0
283
0
284
8
285
0
286
0
288
1
289
3
290
0
340
4C
342
84
371
-2
372
-2
  0
DIMSTYLE
105
88
330
4
100
AcDbSymbolTableRecord
100
AcDbDimStyleTableRecord
  2
EZ_RADIUS_INSIDE
 70
0
 40
1.0
 41
0.25
 42
0.125
 43
3.75
 44
0.375
 45
0.0
 46
0.0
 47
0.0
 48
0.0
 49
2.5
140
0.25
141
0.0
142
0.0
143
0.03937007874
144
100.0
145
0.0
146
0.5
147
0.1
148
0.0
 69
0
 70
0
 71
0
 72
0
 73
0
 74
0
 75
0
 76
0
 77
0
 78
12
 79
3
170
0
171
3
172
0
173
0
174
1
175
0
176
0
177
0
178
0
179
2
271
2
272
2
273
2
274
3
275
0
276
0
277
2
278
46
279
0
280
0
281
0
282
0
283
0
284
8
285
0
286
0
288
1
289
0
290
0
340
4C
342
84
371
-2
372
-2
  0
DIMSTYLE
105
89
330
4
100
AcDbSymbolTableRecord
100
AcDbDimStyleTableRecord
  2
EZ_CURVED
 70
0
 40
1.0
 41
0.25
 42
0.125
 43
3.75
 44
0.375
 45
0.0
 46
0.0
 47
0.0
 48
0.0
 49
2.5
140
0.25
141
2.5
142
0.0
143
0.03937007874
144
100.0
145
0.0
146
0.5
147
0.1
148
0.0
 69
0
 70
0
 71
0
 72
0
 73
0
 74
0
 75
0
 76
0
 77
1
 78
12
 79
2
 90
2
170
0
171
3
172
1
173
0
174
0
175
0
176
0
177
0
178
0
179
2
271
2
272
2
273
2
274
3
275
0
276
0
277
2
278
46
279
2
280
0
281
0
282
0
283
0
284
8
285
0
286
0
288
1
289
3
290
0
340
4C
371
-2
372
-2
  0
ENDTAB
  0
TABLE
  2
BLOCK_RECORD
  5
9
330
0
100
AcDbSymbolTable
 70
5
  0
BLOCK_RECORD
  5
17
330
9
100
AcDbSymbolTableRecord
100
AcDbBlockTableRecord
  2
*Model_Space
340
1A
 70
0
280
1
281
0
  0
BLOCK_RECORD
  5
74
330
9
100
AcDbSymbolTableRecord
100
AcDbBlockTableRecord
  2
_ARCHTICK
340
0
 70
0
280
1
281
0
  0
BLOCK_RECORD
  5
78
330
9
100
AcDbSymbolTableRecord
100
AcDbBlockTableRecord
  2
_CLOSEDFILLED
340
0
 70
0
280
1
281
0
  0
BLOCK_RECORD
  5
84
330
9
100
AcDbSymbolTableRecord
100
AcDbBlockTableRecord
  2
_CLOSEDBLANK
340
0
 70
0
280
1
281
0
  0
BLOCK_RECORD
  5
44D
330
9
100
AcDbSymbolTableRecord
100
AcDbBlockTableRecord
  2
*Paper_Space
340
450
 70
0
280
1
281
0
  0
ENDTAB
  0
ENDSEC
  0
SECTION
  2
BLOCKS
  0
BLOCK
  5
18
330
17
100
AcDbEntity
  8
0
100
AcDbBlockBegin
  2
*Model_Space
 70
0
 10
0.0
 20
0.0
 30
0.0
  3
*Model_Space
  1

  0
ENDBLK
  5
19
330
17
100
AcDbEntity
  8
0
100
AcDbBlockEnd
  0
BLOCK
  5
75
330
74
100
AcDbEntity
  8
0
100
AcDbBlockBegin
  2
_ARCHTICK
 70
0
 10
0.0
 20
0.0
 30
0.0
  3
_ARCHTICK
  1

  0
LWPOLYLINE
  5
77
330
74
100
AcDbEntity
  8
0
  6
BYBLOCK
 62
0
100
AcDbPolyline
 90
2
 70
0
 43
0.15
 10
-0.5
 20
-0.5
 10
0.5
 20
0.5
  0
ENDBLK
  5
76
330
74
100
AcDbEntity
  8
0
100
AcDbBlockEnd
  0
BLOCK
  5
79
330
78
100
AcDbEntity
  8
0
100
AcDbBlockBegin
  2
_CLOSEDFILLED
 70
0
 10
0.0
 20
0.0
 30
0.0
  3
_CLOSEDFILLED
  1

  0
SOLID
  5
7B
330
78
100
AcDbEntity
  8
0
  6
BYBLOCK
 62
0
100
AcDbTrace
 10
-1.0
 20
0.16439898372402537
 30
0.0
 11
0.0
 21
0.0
 31
0.0
 12
-1.0
 22
-0.16439898372402537
 32
0.0
 13
-1.0
 23
-0.16439898372402537
 33
0.0
  0
ENDBLK
  5
7A
330
78
100
AcDbEntity
  8
0
100
AcDbBlockEnd
  0
BLOCK
  5
85
330
84
100
AcDbEntity
  8
0
100
AcDbBlockBegin
  2
_CLOSEDBLANK
 70
0
 10
0.0
 20
0.0
 30
0.0
  3
_CLOSEDBLANK
  1

  0
LWPOLYLINE
  5
87
330
84
100
AcDbEntity
  8
0
  6
BYBLOCK
 62
0
100
AcDbPolyline
 90
3
 70
1
 10
-1.0
 20
0.16439898372402537
 10
0.0
 20
0.0
 10
-1.0
 20
-0.16439898372402537
  0
ENDBLK
  5
86
330
84
100
AcDbEntity
  8
0
100
AcDbBlockEnd
  0
BLOCK
  5
44E
330
44D
100
AcDbEntity
  8
0
100
AcDbBlockBegin
  2
*Paper_Space
 70
0
 10
0.0
 20
0.0
 30
0.0
  3
*Paper_Space
  1

  0
ENDBLK
  5
44F
330
44D
100
AcDbEntity
  8
0
100
AcDbBlockEnd
  0
ENDSEC
  0
SECTION
  2
ENTITIES
  0
LINE
  5
A4
330
17
100
AcDbEntity
  8
SITE
100
AcDbLine
 10
0.0
 20
0.0
 30
0.0
 11
185.0
 21
0.0
 31
0.0
  0
LINE
  5
A5
330
17
100
AcDbEntity
  8
SITE
100
AcDbLine
 10
215.0
 20
0.0
 30
0.0
 11
400.0
 21
0.0
 31
0.0
  0
LINE
  5
A6
330
17
100
AcDbEntity
  8
SITE
100
AcDbLine
 10
400.0
 20
0.0
 30
0.0
 11
400.0
 21
250.0
 31
0.0
  0
LINE
  5
A7
330
17
100
AcDbEntity
  8
SITE
100
AcDbLine
 10
400.0
 20
270.0
 30
0.0
 11
400.0
 21
300.0
 31
0.0
  0
LINE
  5
A8
330
17
100
AcDbEntity
  8
SITE
100
AcDbLine
 10
400.0
 20
300.0
 30
0.0
 11
0.0
 21
300.0
 31
0.0
  0
LINE
  5
A9
330
17
100
AcDbEntity
  8
SITE
100
AcDbLine
 10
0.0
 20
300.0
 30
0.0
 11
0.0
 21
0.0
 31
0.0
  0
LINE
  5
AA
330
17
100
AcDbEntity
  8
SITE
100
AcDbLine
 10
185.0
 20
0.0
 30
0.0
 11
200.0
 21
15.0
 31
0.0
  0
LINE
  5
AB
330
17
100
AcDbEntity
  8
SITE
100
AcDbLine
 10
215.0
 20
0.0
 30
0.0
 11
200.0
 21
15.0
 31
0.0
  0
TEXT
  5
AC
330
17
100
AcDbEntity
  8
TEXT
100
AcDbText
 10
200.0
 20
-5.0
 30
0.0
 40
3.0
  1
主入口（南）
  7
CN
 72
1
 11
200.0
 21
-5.0
 31
0.0
100
AcDbText
 73
2
  0
LINE
  5
AD
330
17
100
AcDbEntity
  8
SITE
100
AcDbLine
 10
400.0
 20
250.0
 30
0.0
 11
385.0
 21
260.0
 31
0.0
  0
LINE
  5
AE
330
17
100
AcDbEntity
  8
SITE
100
AcDbLine
 10
400.0
 20
270.0
 30
0.0
 11
385.0
 21
260.0
 31
0.0
  0
TEXT
  5
AF
330
17
100
AcDbEntity
  8
TEXT
100
AcDbText
 10
407.0
 20
260.0
 30
0.0
 40
2.8
  1
服务门（东）
 50
90.0
  7
CN
 72
1
 11
407.0
 21
260.0
 31
0.0
100
AcDbText
 73
2
  0
LWPOLYLINE
  5
B0
330
17
100
AcDbEntity
  8
ROAD
100
AcDbPolyline
 90
4
 70
1
 10
6.0
 20
12.0
 10
12.0
 20
12.0
 10
12.0
 20
288.0
 10
6.0
 20
288.0
  0
LINE
  5
B1
330
17
100
AcDbEntity
  8
ROAD-CENTER
100
AcDbLine
 10
9.0
 20
147.0
 30
0.0
 11
9.0
 21
153.0
 31
0.0
  0
LWPOLYLINE
  5
B2
330
17
100
AcDbEntity
  8
ROAD
100
AcDbPolyline
 90
4
 70
1
 10
388.0
 20
12.0
 10
394.0
 20
12.0
 10
394.0
 20
288.0
 10
388.0
 20
288.0
  0
LINE
  5
B3
330
17
100
AcDbEntity
  8
ROAD-CENTER
100
AcDbLine
 10
391.0
 20
147.0
 30
0.0
 11
391.0
 21
153.0
 31
0.0
  0
LWPOLYLINE
  5
B4
330
17
100
AcDbEntity
  8
ROAD
100
AcDbPolyline
 90
4
 70
1
 10
12.0
 20
6.0
 10
388.0
 20
6.0
 10
388.0
 20
12.0
 10
12.0
 20
12.0
  0
LINE
  5
B5
330
17
100
AcDbEntity
  8
ROAD-CENTER
100
AcDbLine
 10
12.0
 20
9.0
 30
0.0
 11
388.0
 21
9.0
 31
0.0
  0
LWPOLYLINE
  5
B6
330
17
100
AcDbEntity
  8
ROAD
100
AcDbPolyline
 90
4
 70
1
 10
12.0
 20
288.0
 10
388.0
 20
288.0
 10
388.0
 20
294.0
 10
12.0
 20
294.0
  0
LINE
  5
B7
330
17
100
AcDbEntity
  8
ROAD-CENTER
100
AcDbLine
 10
12.0
 20
291.0
 30
0.0
 11
388.0
 21
291.0
 31
0.0
  0
LWPOLYLINE
  5
B8
330
17
100
AcDbEntity
  8
ROAD
100
AcDbPolyline
 90
4
 70
1
 10
12.0
 20
239.0
 10
388.0
 20
239.0
 10
388.0
 20
245.0
 10
12.0
 20
245.0
  0
LINE
  5
B9
330
17
100
AcDbEntity
  8
ROAD-CENTER
100
AcDbLine
 10
12.0
 20
242.0
 30
0.0
 11
388.0
 21
242.0
 31
0.0
  0
TEXT
  5
BA
330
17
100
AcDbEntity
  8
TEXT
100
AcDbText
 10
200.0
 20
242.0
 30
0.0
 40
2.0
  1
6 m横向道路
  7
CN
 72
1
 11
200.0
 21
242.0
 31
0.0
100
AcDbText
 73
2
  0
LWPOLYLINE
  5
BB
330
17
100
AcDbEntity
  8
ROAD
100
AcDbPolyline
 90
4
 70
1
 10
12.0
 20
194.0
 10
388.0
 20
194.0
 10
388.0
 20
200.0
 10
12.0
 20
200.0
  0
LINE
  5
BC
330
17
100
AcDbEntity
  8
ROAD-CENTER
100
AcDbLine
 10
12.0
 20
197.0
 30
0.0
 11
388.0
 21
197.0
 31
0.0
  0
TEXT
  5
BD
330
17
100
AcDbEntity
  8
TEXT
100
AcDbText
 10
200.0
 20
197.0
 30
0.0
 40
2.0
  1
6 m横向道路
  7
CN
 72
1
 11
200.0
 21
197.0
 31
0.0
100
AcDbText
 73
2
  0
LWPOLYLINE
  5
BE
330
17
100
AcDbEntity
  8
ROAD
100
AcDbPolyline
 90
4
 70
1
 10
12.0
 20
107.0
 10
388.0
 20
107.0
 10
388.0
 20
113.0
 10
12.0
 20
113.0
  0
LINE
  5
BF
330
17
100
AcDbEntity
  8
ROAD-CENTER
100
AcDbLine
 10
12.0
 20
110.0
 30
0.0
 11
388.0
 21
110.0
 31
0.0
  0
TEXT
  5
C0
330
17
100
AcDbEntity
  8
TEXT
100
AcDbText
 10
200.0
 20
110.0
 30
0.0
 40
2.0
  1
6 m横向道路
  7
CN
 72
1
 11
200.0
 21
110.0
 31
0.0
100
AcDbText
 73
2
  0
LWPOLYLINE
  5
C1
330
17
100
AcDbEntity
  8
ROAD
100
AcDbPolyline
 90
4
 70
1
 10
12.0
 20
44.0
 10
388.0
 20
44.0
 10
388.0
 20
48.0
 10
12.0
 20
48.0
  0
LINE
  5
C2
330
17
100
AcDbEntity
  8
ROAD-CENTER
100
AcDbLine
 10
12.0
 20
46.0
 30
0.0
 11
388.0
 21
46.0
 31
0.0
  0
TEXT
  5
C3
330
17
100
AcDbEntity
  8
TEXT
100
AcDbText
 10
200.0
 20
46.0
 30
0.0
 40
2.0
  1
南侧4 m次通道
  7
CN
 72
1
 11
200.0
 21
46.0
 31
0.0
100
AcDbText
 73
2
  0
LWPOLYLINE
  5
C4
330
17
100
AcDbEntity
  8
ZONE-A
100
AcDbPolyline
 90
4
 70
1
 10
10.0
 20
100.0
 10
190.0
 20
100.0
 10
190.0
 20
242.0
 10
10.0
 20
242.0
  0
LWPOLYLINE
  5
C5
330
17
100
AcDbEntity
  8
ZONE-B
100
AcDbPolyline
 90
4
 70
1
 10
210.0
 20
100.0
 10
390.0
 20
100.0
 10
390.0
 20
242.0
 10
210.0
 20
242.0
  0
TEXT
  5
C6
330
17
100
AcDbEntity
  8
ZONE-A
100
AcDbText
 10
100.0
 20
246.5
 30
0.0
 40
3.2
  1
A水线处理区
  7
CN
 72
1
 11
100.0
 21
246.5
 31
0.0
100
AcDbText
 73
2
  0
TEXT
  5
C7
330
17
100
AcDbEntity
  8
ZONE-B
100
AcDbText
 10
300.0
 20
246.5
 30
0.0
 40
3.2
  1
B水线处理区
  7
CN
 72
1
 11
300.0
 21
246.5
 31
0.0
100
AcDbText
 73
2
  0
TEXT
  5
C8
330
17
100
AcDbEntity
  8
TEXT
100
AcDbText
 10
320.0
 20
296.5
 30
0.0
 40
2.8
  1
预处理区
  7
CN
 72
1
 11
320.0
 21
296.5
 31
0.0
100
AcDbText
 73
2
  0
TEXT
  5
C9
330
17
100
AcDbEntity
  8
TEXT
100
AcDbText
 10
275.0
 20
137.5
 30
0.0
 40
2.5
  1
辅助生产区
  7
CN
 72
1
 11
275.0
 21
137.5
 31
0.0
100
AcDbText
 73
2
  0
TEXT
  5
CA
330
17
100
AcDbEntity
  8
TEXT
100
AcDbText
 10
190.0
 20
42.0
 30
0.0
 40
2.5
  1
管理与加药区
  7
CN
 72
1
 11
190.0
 21
42.0
 31
0.0
100
AcDbText
 73
2
  0
CIRCLE
  5
CB
330
17
100
AcDbEntity
  8
GREEN
100
AcDbCircle
 10
18.0
 20
297.0
 30
0.0
 40
1.3
  0
LINE
  5
CC
330
17
100
AcDbEntity
  8
GREEN
100
AcDbLine
 10
16.7
 20
297.0
 30
0.0
 11
19.3
 21
297.0
 31
0.0
  0
LINE
  5
CD
330
17
100
AcDbEntity
  8
GREEN
100
AcDbLine
 10
18.0
 20
295.7
 30
0.0
 11
18.0
 21
298.3
 31
0.0
  0
CIRCLE
  5
CE
330
17
100
AcDbEntity
  8
GREEN
100
AcDbCircle
 10
18.0
 20
3.0
 30
0.0
 40
1.3
  0
LINE
  5
CF
330
17
100
AcDbEntity
  8
GREEN
100
AcDbLine
 10
16.7
 20
3.0
 30
0.0
 11
19.3
 21
3.0
 31
0.0
  0
LINE
  5
D0
330
17
100
AcDbEntity
  8
GREEN
100
AcDbLine
 10
18.0
 20
1.7
 30
0.0
 11
18.0
 21
4.3
 31
0.0
  0
CIRCLE
  5
D1
330
17
100
AcDbEntity
  8
GREEN
100
AcDbCircle
 10
32.0
 20
297.0
 30
0.0
 40
1.3
  0
LINE
  5
D2
330
17
100
AcDbEntity
  8
GREEN
100
AcDbLine
 10
30.7
 20
297.0
 30
0.0
 11
33.3
 21
297.0
 31
0.0
  0
LINE
  5
D3
330
17
100
AcDbEntity
  8
GREEN
100
AcDbLine
 10
32.0
 20
295.7
 30
0.0
 11
32.0
 21
298.3
 31
0.0
  0
CIRCLE
  5
D4
330
17
100
AcDbEntity
  8
GREEN
100
AcDbCircle
 10
32.0
 20
3.0
 30
0.0
 40
1.3
  0
LINE
  5
D5
330
17
100
AcDbEntity
  8
GREEN
100
AcDbLine
 10
30.7
 20
3.0
 30
0.0
 11
33.3
 21
3.0
 31
0.0
  0
LINE
  5
D6
330
17
100
AcDbEntity
  8
GREEN
100
AcDbLine
 10
32.0
 20
1.7
 30
0.0
 11
32.0
 21
4.3
 31
0.0
  0
CIRCLE
  5
D7
330
17
100
AcDbEntity
  8
GREEN
100
AcDbCircle
 10
46.0
 20
297.0
 30
0.0
 40
1.3
  0
LINE
  5
D8
330
17
100
AcDbEntity
  8
GREEN
100
AcDbLine
 10
44.7
 20
297.0
 30
0.0
 11
47.3
 21
297.0
 31
0.0
  0
LINE
  5
D9
330
17
100
AcDbEntity
  8
GREEN
100
AcDbLine
 10
46.0
 20
295.7
 30
0.0
 11
46.0
 21
298.3
 31
0.0
  0
CIRCLE
  5
DA
330
17
100
AcDbEntity
  8
GREEN
100
AcDbCircle
 10
46.0
 20
3.0
 30
0.0
 40
1.3
  0
LINE
  5
DB
330
17
100
AcDbEntity
  8
GREEN
100
AcDbLine
 10
44.7
 20
3.0
 30
0.0
 11
47.3
 21
3.0
 31
0.0
  0
LINE
  5
DC
330
17
100
AcDbEntity
  8
GREEN
100
AcDbLine
 10
46.0
 20
1.7
 30
0.0
 11
46.0
 21
4.3
 31
0.0
  0
CIRCLE
  5
DD
330
17
100
AcDbEntity
  8
GREEN
100
AcDbCircle
 10
60.0
 20
297.0
 30
0.0
 40
1.3
  0
LINE
  5
DE
330
17
100
AcDbEntity
  8
GREEN
100
AcDbLine
 10
58.7
 20
297.0
 30
0.0
 11
61.3
 21
297.0
 31
0.0
  0
LINE
  5
DF
330
17
100
AcDbEntity
  8
GREEN
100
AcDbLine
 10
60.0
 20
295.7
 30
0.0
 11
60.0
 21
298.3
 31
0.0
  0
CIRCLE
  5
E0
330
17
100
AcDbEntity
  8
GREEN
100
AcDbCircle
 10
60.0
 20
3.0
 30
0.0
 40
1.3
  0
LINE
  5
E1
330
17
100
AcDbEntity
  8
GREEN
100
AcDbLine
 10
58.7
 20
3.0
 30
0.0
 11
61.3
 21
3.0
 31
0.0
  0
LINE
  5
E2
330
17
100
AcDbEntity
  8
GREEN
100
AcDbLine
 10
60.0
 20
1.7
 30
0.0
 11
60.0
 21
4.3
 31
0.0
  0
CIRCLE
  5
E3
330
17
100
AcDbEntity
  8
GREEN
100
AcDbCircle
 10
74.0
 20
297.0
 30
0.0
 40
1.3
  0
LINE
  5
E4
330
17
100
AcDbEntity
  8
GREEN
100
AcDbLine
 10
72.7
 20
297.0
 30
0.0
 11
75.3
 21
297.0
 31
0.0
  0
LINE
  5
E5
330
17
100
AcDbEntity
  8
GREEN
100
AcDbLine
 10
74.0
 20
295.7
 30
0.0
 11
74.0
 21
298.3
 31
0.0
  0
CIRCLE
  5
E6
330
17
100
AcDbEntity
  8
GREEN
100
AcDbCircle
 10
74.0
 20
3.0
 30
0.0
 40
1.3
  0
LINE
  5
E7
330
17
100
AcDbEntity
  8
GREEN
100
AcDbLine
 10
72.7
 20
3.0
 30
0.0
 11
75.3
 21
3.0
 31
0.0
  0
LINE
  5
E8
330
17
100
AcDbEntity
  8
GREEN
100
AcDbLine
 10
74.0
 20
1.7
 30
0.0
 11
74.0
 21
4.3
 31
0.0
  0
CIRCLE
  5
E9
330
17
100
AcDbEntity
  8
GREEN
100
AcDbCircle
 10
88.0
 20
297.0
 30
0.0
 40
1.3
  0
LINE
  5
EA
330
17
100
AcDbEntity
  8
GREEN
100
AcDbLine
 10
86.7
 20
297.0
 30
0.0
 11
89.3
 21
297.0
 31
0.0
  0
LINE
  5
EB
330
17
100
AcDbEntity
  8
GREEN
100
AcDbLine
 10
88.0
 20
295.7
 30
0.0
 11
88.0
 21
298.3
 31
0.0
  0
CIRCLE
  5
EC
330
17
100
AcDbEntity
  8
GREEN
100
AcDbCircle
 10
88.0
 20
3.0
 30
0.0
 40
1.3
  0
LINE
  5
ED
330
17
100
AcDbEntity
  8
GREEN
100
AcDbLine
 10
86.7
 20
3.0
 30
0.0
 11
89.3
 21
3.0
 31
0.0
  0
LINE
  5
EE
330
17
100
AcDbEntity
  8
GREEN
100
AcDbLine
 10
88.0
 20
1.7
 30
0.0
 11
88.0
 21
4.3
 31
0.0
  0
CIRCLE
  5
EF
330
17
100
AcDbEntity
  8
GREEN
100
AcDbCircle
 10
102.0
 20
297.0
 30
0.0
 40
1.3
  0
LINE
  5
F0
330
17
100
AcDbEntity
  8
GREEN
100
AcDbLine
 10
100.7
 20
297.0
 30
0.0
 11
103.3
 21
297.0
 31
0.0
  0
LINE
  5
F1
330
17
100
AcDbEntity
  8
GREEN
100
AcDbLine
 10
102.0
 20
295.7
 30
0.0
 11
102.0
 21
298.3
 31
0.0
  0
CIRCLE
  5
F2
330
17
100
AcDbEntity
  8
GREEN
100
AcDbCircle
 10
102.0
 20
3.0
 30
0.0
 40
1.3
  0
LINE
  5
F3
330
17
100
AcDbEntity
  8
GREEN
100
AcDbLine
 10
100.7
 20
3.0
 30
0.0
 11
103.3
 21
3.0
 31
0.0
  0
LINE
  5
F4
330
17
100
AcDbEntity
  8
GREEN
100
AcDbLine
 10
102.0
 20
1.7
 30
0.0
 11
102.0
 21
4.3
 31
0.0
  0
CIRCLE
  5
F5
330
17
100
AcDbEntity
  8
GREEN
100
AcDbCircle
 10
116.0
 20
297.0
 30
0.0
 40
1.3
  0
LINE
  5
F6
330
17
100
AcDbEntity
  8
GREEN
100
AcDbLine
 10
114.7
 20
297.0
 30
0.0
 11
117.3
 21
297.0
 31
0.0
  0
LINE
  5
F7
330
17
100
AcDbEntity
  8
GREEN
100
AcDbLine
 10
116.0
 20
295.7
 30
0.0
 11
116.0
 21
298.3
 31
0.0
  0
CIRCLE
  5
F8
330
17
100
AcDbEntity
  8
GREEN
100
AcDbCircle
 10
116.0
 20
3.0
 30
0.0
 40
1.3
  0
LINE
  5
F9
330
17
100
AcDbEntity
  8
GREEN
100
AcDbLine
 10
114.7
 20
3.0
 30
0.0
 11
117.3
 21
3.0
 31
0.0
  0
LINE
  5
FA
330
17
100
AcDbEntity
  8
GREEN
100
AcDbLine
 10
116.0
 20
1.7
 30
0.0
 11
116.0
 21
4.3
 31
0.0
  0
CIRCLE
  5
FB
330
17
100
AcDbEntity
  8
GREEN
100
AcDbCircle
 10
130.0
 20
297.0
 30
0.0
 40
1.3
  0
LINE
  5
FC
330
17
100
AcDbEntity
  8
GREEN
100
AcDbLine
 10
128.7
 20
297.0
 30
0.0
 11
131.3
 21
297.0
 31
0.0
  0
LINE
  5
FD
330
17
100
AcDbEntity
  8
GREEN
100
AcDbLine
 10
130.0
 20
295.7
 30
0.0
 11
130.0
 21
298.3
 31
0.0
  0
CIRCLE
  5
FE
330
17
100
AcDbEntity
  8
GREEN
100
AcDbCircle
 10
130.0
 20
3.0
 30
0.0
 40
1.3
  0
LINE
  5
FF
330
17
100
AcDbEntity
  8
GREEN
100
AcDbLine
 10
128.7
 20
3.0
 30
0.0
 11
131.3
 21
3.0
 31
0.0
  0
LINE
  5
100
330
17
100
AcDbEntity
  8
GREEN
100
AcDbLine
 10
130.0
 20
1.7
 30
0.0
 11
130.0
 21
4.3
 31
0.0
  0
CIRCLE
  5
101
330
17
100
AcDbEntity
  8
GREEN
100
AcDbCircle
 10
144.0
 20
297.0
 30
0.0
 40
1.3
  0
LINE
  5
102
330
17
100
AcDbEntity
  8
GREEN
100
AcDbLine
 10
142.7
 20
297.0
 30
0.0
 11
145.3
 21
297.0
 31
0.0
  0
LINE
  5
103
330
17
100
AcDbEntity
  8
GREEN
100
AcDbLine
 10
144.0
 20
295.7
 30
0.0
 11
144.0
 21
298.3
 31
0.0
  0
CIRCLE
  5
104
330
17
100
AcDbEntity
  8
GREEN
100
AcDbCircle
 10
144.0
 20
3.0
 30
0.0
 40
1.3
  0
LINE
  5
105
330
17
100
AcDbEntity
  8
GREEN
100
AcDbLine
 10
142.7
 20
3.0
 30
0.0
 11
145.3
 21
3.0
 31
0.0
  0
LINE
  5
106
330
17
100
AcDbEntity
  8
GREEN
100
AcDbLine
 10
144.0
 20
1.7
 30
0.0
 11
144.0
 21
4.3
 31
0.0
  0
CIRCLE
  5
107
330
17
100
AcDbEntity
  8
GREEN
100
AcDbCircle
 10
158.0
 20
297.0
 30
0.0
 40
1.3
  0
LINE
  5
108
330
17
100
AcDbEntity
  8
GREEN
100
AcDbLine
 10
156.7
 20
297.0
 30
0.0
 11
159.3
 21
297.0
 31
0.0
  0
LINE
  5
109
330
17
100
AcDbEntity
  8
GREEN
100
AcDbLine
 10
158.0
 20
295.7
 30
0.0
 11
158.0
 21
298.3
 31
0.0
  0
CIRCLE
  5
10A
330
17
100
AcDbEntity
  8
GREEN
100
AcDbCircle
 10
158.0
 20
3.0
 30
0.0
 40
1.3
  0
LINE
  5
10B
330
17
100
AcDbEntity
  8
GREEN
100
AcDbLine
 10
156.7
 20
3.0
 30
0.0
 11
159.3
 21
3.0
 31
0.0
  0
LINE
  5
10C
330
17
100
AcDbEntity
  8
GREEN
100
AcDbLine
 10
158.0
 20
1.7
 30
0.0
 11
158.0
 21
4.3
 31
0.0
  0
CIRCLE
  5
10D
330
17
100
AcDbEntity
  8
GREEN
100
AcDbCircle
 10
172.0
 20
297.0
 30
0.0
 40
1.3
  0
LINE
  5
10E
330
17
100
AcDbEntity
  8
GREEN
100
AcDbLine
 10
170.7
 20
297.0
 30
0.0
 11
173.3
 21
297.0
 31
0.0
  0
LINE
  5
10F
330
17
100
AcDbEntity
  8
GREEN
100
AcDbLine
 10
172.0
 20
295.7
 30
0.0
 11
172.0
 21
298.3
 31
0.0
  0
CIRCLE
  5
110
330
17
100
AcDbEntity
  8
GREEN
100
AcDbCircle
 10
172.0
 20
3.0
 30
0.0
 40
1.3
  0
LINE
  5
111
330
17
100
AcDbEntity
  8
GREEN
100
AcDbLine
 10
170.7
 20
3.0
 30
0.0
 11
173.3
 21
3.0
 31
0.0
  0
LINE
  5
112
330
17
100
AcDbEntity
  8
GREEN
100
AcDbLine
 10
172.0
 20
1.7
 30
0.0
 11
172.0
 21
4.3
 31
0.0
  0
CIRCLE
  5
113
330
17
100
AcDbEntity
  8
GREEN
100
AcDbCircle
 10
186.0
 20
297.0
 30
0.0
 40
1.3
  0
LINE
  5
114
330
17
100
AcDbEntity
  8
GREEN
100
AcDbLine
 10
184.7
 20
297.0
 30
0.0
 11
187.3
 21
297.0
 31
0.0
  0
LINE
  5
115
330
17
100
AcDbEntity
  8
GREEN
100
AcDbLine
 10
186.0
 20
295.7
 30
0.0
 11
186.0
 21
298.3
 31
0.0
  0
CIRCLE
  5
116
330
17
100
AcDbEntity
  8
GREEN
100
AcDbCircle
 10
200.0
 20
297.0
 30
0.0
 40
1.3
  0
LINE
  5
117
330
17
100
AcDbEntity
  8
GREEN
100
AcDbLine
 10
198.7
 20
297.0
 30
0.0
 11
201.3
 21
297.0
 31
0.0
  0
LINE
  5
118
330
17
100
AcDbEntity
  8
GREEN
100
AcDbLine
 10
200.0
 20
295.7
 30
0.0
 11
200.0
 21
298.3
 31
0.0
  0
CIRCLE
  5
119
330
17
100
AcDbEntity
  8
GREEN
100
AcDbCircle
 10
214.0
 20
297.0
 30
0.0
 40
1.3
  0
LINE
  5
11A
330
17
100
AcDbEntity
  8
GREEN
100
AcDbLine
 10
212.7
 20
297.0
 30
0.0
 11
215.3
 21
297.0
 31
0.0
  0
LINE
  5
11B
330
17
100
AcDbEntity
  8
GREEN
100
AcDbLine
 10
214.0
 20
295.7
 30
0.0
 11
214.0
 21
298.3
 31
0.0
  0
CIRCLE
  5
11C
330
17
100
AcDbEntity
  8
GREEN
100
AcDbCircle
 10
228.0
 20
297.0
 30
0.0
 40
1.3
  0
LINE
  5
11D
330
17
100
AcDbEntity
  8
GREEN
100
AcDbLine
 10
226.7
 20
297.0
 30
0.0
 11
229.3
 21
297.0
 31
0.0
  0
LINE
  5
11E
330
17
100
AcDbEntity
  8
GREEN
100
AcDbLine
 10
228.0
 20
295.7
 30
0.0
 11
228.0
 21
298.3
 31
0.0
  0
CIRCLE
  5
11F
330
17
100
AcDbEntity
  8
GREEN
100
AcDbCircle
 10
228.0
 20
3.0
 30
0.0
 40
1.3
  0
LINE
  5
120
330
17
100
AcDbEntity
  8
GREEN
100
AcDbLine
 10
226.7
 20
3.0
 30
0.0
 11
229.3
 21
3.0
 31
0.0
  0
LINE
  5
121
330
17
100
AcDbEntity
  8
GREEN
100
AcDbLine
 10
228.0
 20
1.7
 30
0.0
 11
228.0
 21
4.3
 31
0.0
  0
CIRCLE
  5
122
330
17
100
AcDbEntity
  8
GREEN
100
AcDbCircle
 10
242.0
 20
297.0
 30
0.0
 40
1.3
  0
LINE
  5
123
330
17
100
AcDbEntity
  8
GREEN
100
AcDbLine
 10
240.7
 20
297.0
 30
0.0
 11
243.3
 21
297.0
 31
0.0
  0
LINE
  5
124
330
17
100
AcDbEntity
  8
GREEN
100
AcDbLine
 10
242.0
 20
295.7
 30
0.0
 11
242.0
 21
298.3
 31
0.0
  0
CIRCLE
  5
125
330
17
100
AcDbEntity
  8
GREEN
100
AcDbCircle
 10
242.0
 20
3.0
 30
0.0
 40
1.3
  0
LINE
  5
126
330
17
100
AcDbEntity
  8
GREEN
100
AcDbLine
 10
240.7
 20
3.0
 30
0.0
 11
243.3
 21
3.0
 31
0.0
  0
LINE
  5
127
330
17
100
AcDbEntity
  8
GREEN
100
AcDbLine
 10
242.0
 20
1.7
 30
0.0
 11
242.0
 21
4.3
 31
0.0
  0
CIRCLE
  5
128
330
17
100
AcDbEntity
  8
GREEN
100
AcDbCircle
 10
256.0
 20
297.0
 30
0.0
 40
1.3
  0
LINE
  5
129
330
17
100
AcDbEntity
  8
GREEN
100
AcDbLine
 10
254.7
 20
297.0
 30
0.0
 11
257.3
 21
297.0
 31
0.0
  0
LINE
  5
12A
330
17
100
AcDbEntity
  8
GREEN
100
AcDbLine
 10
256.0
 20
295.7
 30
0.0
 11
256.0
 21
298.3
 31
0.0
  0
CIRCLE
  5
12B
330
17
100
AcDbEntity
  8
GREEN
100
AcDbCircle
 10
256.0
 20
3.0
 30
0.0
 40
1.3
  0
LINE
  5
12C
330
17
100
AcDbEntity
  8
GREEN
100
AcDbLine
 10
254.7
 20
3.0
 30
0.0
 11
257.3
 21
3.0
 31
0.0
  0
LINE
  5
12D
330
17
100
AcDbEntity
  8
GREEN
100
AcDbLine
 10
256.0
 20
1.7
 30
0.0
 11
256.0
 21
4.3
 31
0.0
  0
CIRCLE
  5
12E
330
17
100
AcDbEntity
  8
GREEN
100
AcDbCircle
 10
270.0
 20
297.0
 30
0.0
 40
1.3
  0
LINE
  5
12F
330
17
100
AcDbEntity
  8
GREEN
100
AcDbLine
 10
268.7
 20
297.0
 30
0.0
 11
271.3
 21
297.0
 31
0.0
  0
LINE
  5
130
330
17
100
AcDbEntity
  8
GREEN
100
AcDbLine
 10
270.0
 20
295.7
 30
0.0
 11
270.0
 21
298.3
 31
0.0
  0
CIRCLE
  5
131
330
17
100
AcDbEntity
  8
GREEN
100
AcDbCircle
 10
270.0
 20
3.0
 30
0.0
 40
1.3
  0
LINE
  5
132
330
17
100
AcDbEntity
  8
GREEN
100
AcDbLine
 10
268.7
 20
3.0
 30
0.0
 11
271.3
 21
3.0
 31
0.0
  0
LINE
  5
133
330
17
100
AcDbEntity
  8
GREEN
100
AcDbLine
 10
270.0
 20
1.7
 30
0.0
 11
270.0
 21
4.3
 31
0.0
  0
CIRCLE
  5
134
330
17
100
AcDbEntity
  8
GREEN
100
AcDbCircle
 10
284.0
 20
297.0
 30
0.0
 40
1.3
  0
LINE
  5
135
330
17
100
AcDbEntity
  8
GREEN
100
AcDbLine
 10
282.7
 20
297.0
 30
0.0
 11
285.3
 21
297.0
 31
0.0
  0
LINE
  5
136
330
17
100
AcDbEntity
  8
GREEN
100
AcDbLine
 10
284.0
 20
295.7
 30
0.0
 11
284.0
 21
298.3
 31
0.0
  0
CIRCLE
  5
137
330
17
100
AcDbEntity
  8
GREEN
100
AcDbCircle
 10
284.0
 20
3.0
 30
0.0
 40
1.3
  0
LINE
  5
138
330
17
100
AcDbEntity
  8
GREEN
100
AcDbLine
 10
282.7
 20
3.0
 30
0.0
 11
285.3
 21
3.0
 31
0.0
  0
LINE
  5
139
330
17
100
AcDbEntity
  8
GREEN
100
AcDbLine
 10
284.0
 20
1.7
 30
0.0
 11
284.0
 21
4.3
 31
0.0
  0
CIRCLE
  5
13A
330
17
100
AcDbEntity
  8
GREEN
100
AcDbCircle
 10
298.0
 20
297.0
 30
0.0
 40
1.3
  0
LINE
  5
13B
330
17
100
AcDbEntity
  8
GREEN
100
AcDbLine
 10
296.7
 20
297.0
 30
0.0
 11
299.3
 21
297.0
 31
0.0
  0
LINE
  5
13C
330
17
100
AcDbEntity
  8
GREEN
100
AcDbLine
 10
298.0
 20
295.7
 30
0.0
 11
298.0
 21
298.3
 31
0.0
  0
CIRCLE
  5
13D
330
17
100
AcDbEntity
  8
GREEN
100
AcDbCircle
 10
298.0
 20
3.0
 30
0.0
 40
1.3
  0
LINE
  5
13E
330
17
100
AcDbEntity
  8
GREEN
100
AcDbLine
 10
296.7
 20
3.0
 30
0.0
 11
299.3
 21
3.0
 31
0.0
  0
LINE
  5
13F
330
17
100
AcDbEntity
  8
GREEN
100
AcDbLine
 10
298.0
 20
1.7
 30
0.0
 11
298.0
 21
4.3
 31
0.0
  0
CIRCLE
  5
140
330
17
100
AcDbEntity
  8
GREEN
100
AcDbCircle
 10
312.0
 20
297.0
 30
0.0
 40
1.3
  0
LINE
  5
141
330
17
100
AcDbEntity
  8
GREEN
100
AcDbLine
 10
310.7
 20
297.0
 30
0.0
 11
313.3
 21
297.0
 31
0.0
  0
LINE
  5
142
330
17
100
AcDbEntity
  8
GREEN
100
AcDbLine
 10
312.0
 20
295.7
 30
0.0
 11
312.0
 21
298.3
 31
0.0
  0
CIRCLE
  5
143
330
17
100
AcDbEntity
  8
GREEN
100
AcDbCircle
 10
312.0
 20
3.0
 30
0.0
 40
1.3
  0
LINE
  5
144
330
17
100
AcDbEntity
  8
GREEN
100
AcDbLine
 10
310.7
 20
3.0
 30
0.0
 11
313.3
 21
3.0
 31
0.0
  0
LINE
  5
145
330
17
100
AcDbEntity
  8
GREEN
100
AcDbLine
 10
312.0
 20
1.7
 30
0.0
 11
312.0
 21
4.3
 31
0.0
  0
CIRCLE
  5
146
330
17
100
AcDbEntity
  8
GREEN
100
AcDbCircle
 10
326.0
 20
297.0
 30
0.0
 40
1.3
  0
LINE
  5
147
330
17
100
AcDbEntity
  8
GREEN
100
AcDbLine
 10
324.7
 20
297.0
 30
0.0
 11
327.3
 21
297.0
 31
0.0
  0
LINE
  5
148
330
17
100
AcDbEntity
  8
GREEN
100
AcDbLine
 10
326.0
 20
295.7
 30
0.0
 11
326.0
 21
298.3
 31
0.0
  0
CIRCLE
  5
149
330
17
100
AcDbEntity
  8
GREEN
100
AcDbCircle
 10
326.0
 20
3.0
 30
0.0
 40
1.3
  0
LINE
  5
14A
330
17
100
AcDbEntity
  8
GREEN
100
AcDbLine
 10
324.7
 20
3.0
 30
0.0
 11
327.3
 21
3.0
 31
0.0
  0
LINE
  5
14B
330
17
100
AcDbEntity
  8
GREEN
100
AcDbLine
 10
326.0
 20
1.7
 30
0.0
 11
326.0
 21
4.3
 31
0.0
  0
CIRCLE
  5
14C
330
17
100
AcDbEntity
  8
GREEN
100
AcDbCircle
 10
340.0
 20
297.0
 30
0.0
 40
1.3
  0
LINE
  5
14D
330
17
100
AcDbEntity
  8
GREEN
100
AcDbLine
 10
338.7
 20
297.0
 30
0.0
 11
341.3
 21
297.0
 31
0.0
  0
LINE
  5
14E
330
17
100
AcDbEntity
  8
GREEN
100
AcDbLine
 10
340.0
 20
295.7
 30
0.0
 11
340.0
 21
298.3
 31
0.0
  0
CIRCLE
  5
14F
330
17
100
AcDbEntity
  8
GREEN
100
AcDbCircle
 10
340.0
 20
3.0
 30
0.0
 40
1.3
  0
LINE
  5
150
330
17
100
AcDbEntity
  8
GREEN
100
AcDbLine
 10
338.7
 20
3.0
 30
0.0
 11
341.3
 21
3.0
 31
0.0
  0
LINE
  5
151
330
17
100
AcDbEntity
  8
GREEN
100
AcDbLine
 10
340.0
 20
1.7
 30
0.0
 11
340.0
 21
4.3
 31
0.0
  0
CIRCLE
  5
152
330
17
100
AcDbEntity
  8
GREEN
100
AcDbCircle
 10
354.0
 20
297.0
 30
0.0
 40
1.3
  0
LINE
  5
153
330
17
100
AcDbEntity
  8
GREEN
100
AcDbLine
 10
352.7
 20
297.0
 30
0.0
 11
355.3
 21
297.0
 31
0.0
  0
LINE
  5
154
330
17
100
AcDbEntity
  8
GREEN
100
AcDbLine
 10
354.0
 20
295.7
 30
0.0
 11
354.0
 21
298.3
 31
0.0
  0
CIRCLE
  5
155
330
17
100
AcDbEntity
  8
GREEN
100
AcDbCircle
 10
354.0
 20
3.0
 30
0.0
 40
1.3
  0
LINE
  5
156
330
17
100
AcDbEntity
  8
GREEN
100
AcDbLine
 10
352.7
 20
3.0
 30
0.0
 11
355.3
 21
3.0
 31
0.0
  0
LINE
  5
157
330
17
100
AcDbEntity
  8
GREEN
100
AcDbLine
 10
354.0
 20
1.7
 30
0.0
 11
354.0
 21
4.3
 31
0.0
  0
CIRCLE
  5
158
330
17
100
AcDbEntity
  8
GREEN
100
AcDbCircle
 10
368.0
 20
297.0
 30
0.0
 40
1.3
  0
LINE
  5
159
330
17
100
AcDbEntity
  8
GREEN
100
AcDbLine
 10
366.7
 20
297.0
 30
0.0
 11
369.3
 21
297.0
 31
0.0
  0
LINE
  5
15A
330
17
100
AcDbEntity
  8
GREEN
100
AcDbLine
 10
368.0
 20
295.7
 30
0.0
 11
368.0
 21
298.3
 31
0.0
  0
CIRCLE
  5
15B
330
17
100
AcDbEntity
  8
GREEN
100
AcDbCircle
 10
368.0
 20
3.0
 30
0.0
 40
1.3
  0
LINE
  5
15C
330
17
100
AcDbEntity
  8
GREEN
100
AcDbLine
 10
366.7
 20
3.0
 30
0.0
 11
369.3
 21
3.0
 31
0.0
  0
LINE
  5
15D
330
17
100
AcDbEntity
  8
GREEN
100
AcDbLine
 10
368.0
 20
1.7
 30
0.0
 11
368.0
 21
4.3
 31
0.0
  0
CIRCLE
  5
15E
330
17
100
AcDbEntity
  8
GREEN
100
AcDbCircle
 10
382.0
 20
297.0
 30
0.0
 40
1.3
  0
LINE
  5
15F
330
17
100
AcDbEntity
  8
GREEN
100
AcDbLine
 10
380.7
 20
297.0
 30
0.0
 11
383.3
 21
297.0
 31
0.0
  0
LINE
  5
160
330
17
100
AcDbEntity
  8
GREEN
100
AcDbLine
 10
382.0
 20
295.7
 30
0.0
 11
382.0
 21
298.3
 31
0.0
  0
CIRCLE
  5
161
330
17
100
AcDbEntity
  8
GREEN
100
AcDbCircle
 10
382.0
 20
3.0
 30
0.0
 40
1.3
  0
LINE
  5
162
330
17
100
AcDbEntity
  8
GREEN
100
AcDbLine
 10
380.7
 20
3.0
 30
0.0
 11
383.3
 21
3.0
 31
0.0
  0
LINE
  5
163
330
17
100
AcDbEntity
  8
GREEN
100
AcDbLine
 10
382.0
 20
1.7
 30
0.0
 11
382.0
 21
4.3
 31
0.0
  0
CIRCLE
  5
164
330
17
100
AcDbEntity
  8
GREEN
100
AcDbCircle
 10
3.0
 20
18.0
 30
0.0
 40
1.3
  0
LINE
  5
165
330
17
100
AcDbEntity
  8
GREEN
100
AcDbLine
 10
1.7
 20
18.0
 30
0.0
 11
4.3
 21
18.0
 31
0.0
  0
LINE
  5
166
330
17
100
AcDbEntity
  8
GREEN
100
AcDbLine
 10
3.0
 20
16.7
 30
0.0
 11
3.0
 21
19.3
 31
0.0
  0
CIRCLE
  5
167
330
17
100
AcDbEntity
  8
GREEN
100
AcDbCircle
 10
397.0
 20
18.0
 30
0.0
 40
1.3
  0
LINE
  5
168
330
17
100
AcDbEntity
  8
GREEN
100
AcDbLine
 10
395.7
 20
18.0
 30
0.0
 11
398.3
 21
18.0
 31
0.0
  0
LINE
  5
169
330
17
100
AcDbEntity
  8
GREEN
100
AcDbLine
 10
397.0
 20
16.7
 30
0.0
 11
397.0
 21
19.3
 31
0.0
  0
CIRCLE
  5
16A
330
17
100
AcDbEntity
  8
GREEN
100
AcDbCircle
 10
3.0
 20
32.0
 30
0.0
 40
1.3
  0
LINE
  5
16B
330
17
100
AcDbEntity
  8
GREEN
100
AcDbLine
 10
1.7
 20
32.0
 30
0.0
 11
4.3
 21
32.0
 31
0.0
  0
LINE
  5
16C
330
17
100
AcDbEntity
  8
GREEN
100
AcDbLine
 10
3.0
 20
30.7
 30
0.0
 11
3.0
 21
33.3
 31
0.0
  0
CIRCLE
  5
16D
330
17
100
AcDbEntity
  8
GREEN
100
AcDbCircle
 10
397.0
 20
32.0
 30
0.0
 40
1.3
  0
LINE
  5
16E
330
17
100
AcDbEntity
  8
GREEN
100
AcDbLine
 10
395.7
 20
32.0
 30
0.0
 11
398.3
 21
32.0
 31
0.0
  0
LINE
  5
16F
330
17
100
AcDbEntity
  8
GREEN
100
AcDbLine
 10
397.0
 20
30.7
 30
0.0
 11
397.0
 21
33.3
 31
0.0
  0
CIRCLE
  5
170
330
17
100
AcDbEntity
  8
GREEN
100
AcDbCircle
 10
3.0
 20
46.0
 30
0.0
 40
1.3
  0
LINE
  5
171
330
17
100
AcDbEntity
  8
GREEN
100
AcDbLine
 10
1.7
 20
46.0
 30
0.0
 11
4.3
 21
46.0
 31
0.0
  0
LINE
  5
172
330
17
100
AcDbEntity
  8
GREEN
100
AcDbLine
 10
3.0
 20
44.7
 30
0.0
 11
3.0
 21
47.3
 31
0.0
  0
CIRCLE
  5
173
330
17
100
AcDbEntity
  8
GREEN
100
AcDbCircle
 10
397.0
 20
46.0
 30
0.0
 40
1.3
  0
LINE
  5
174
330
17
100
AcDbEntity
  8
GREEN
100
AcDbLine
 10
395.7
 20
46.0
 30
0.0
 11
398.3
 21
46.0
 31
0.0
  0
LINE
  5
175
330
17
100
AcDbEntity
  8
GREEN
100
AcDbLine
 10
397.0
 20
44.7
 30
0.0
 11
397.0
 21
47.3
 31
0.0
  0
CIRCLE
  5
176
330
17
100
AcDbEntity
  8
GREEN
100
AcDbCircle
 10
3.0
 20
60.0
 30
0.0
 40
1.3
  0
LINE
  5
177
330
17
100
AcDbEntity
  8
GREEN
100
AcDbLine
 10
1.7
 20
60.0
 30
0.0
 11
4.3
 21
60.0
 31
0.0
  0
LINE
  5
178
330
17
100
AcDbEntity
  8
GREEN
100
AcDbLine
 10
3.0
 20
58.7
 30
0.0
 11
3.0
 21
61.3
 31
0.0
  0
CIRCLE
  5
179
330
17
100
AcDbEntity
  8
GREEN
100
AcDbCircle
 10
397.0
 20
60.0
 30
0.0
 40
1.3
  0
LINE
  5
17A
330
17
100
AcDbEntity
  8
GREEN
100
AcDbLine
 10
395.7
 20
60.0
 30
0.0
 11
398.3
 21
60.0
 31
0.0
  0
LINE
  5
17B
330
17
100
AcDbEntity
  8
GREEN
100
AcDbLine
 10
397.0
 20
58.7
 30
0.0
 11
397.0
 21
61.3
 31
0.0
  0
CIRCLE
  5
17C
330
17
100
AcDbEntity
  8
GREEN
100
AcDbCircle
 10
3.0
 20
74.0
 30
0.0
 40
1.3
  0
LINE
  5
17D
330
17
100
AcDbEntity
  8
GREEN
100
AcDbLine
 10
1.7
 20
74.0
 30
0.0
 11
4.3
 21
74.0
 31
0.0
  0
LINE
  5
17E
330
17
100
AcDbEntity
  8
GREEN
100
AcDbLine
 10
3.0
 20
72.7
 30
0.0
 11
3.0
 21
75.3
 31
0.0
  0
CIRCLE
  5
17F
330
17
100
AcDbEntity
  8
GREEN
100
AcDbCircle
 10
397.0
 20
74.0
 30
0.0
 40
1.3
  0
LINE
  5
180
330
17
100
AcDbEntity
  8
GREEN
100
AcDbLine
 10
395.7
 20
74.0
 30
0.0
 11
398.3
 21
74.0
 31
0.0
  0
LINE
  5
181
330
17
100
AcDbEntity
  8
GREEN
100
AcDbLine
 10
397.0
 20
72.7
 30
0.0
 11
397.0
 21
75.3
 31
0.0
  0
CIRCLE
  5
182
330
17
100
AcDbEntity
  8
GREEN
100
AcDbCircle
 10
3.0
 20
88.0
 30
0.0
 40
1.3
  0
LINE
  5
183
330
17
100
AcDbEntity
  8
GREEN
100
AcDbLine
 10
1.7
 20
88.0
 30
0.0
 11
4.3
 21
88.0
 31
0.0
  0
LINE
  5
184
330
17
100
AcDbEntity
  8
GREEN
100
AcDbLine
 10
3.0
 20
86.7
 30
0.0
 11
3.0
 21
89.3
 31
0.0
  0
CIRCLE
  5
185
330
17
100
AcDbEntity
  8
GREEN
100
AcDbCircle
 10
397.0
 20
88.0
 30
0.0
 40
1.3
  0
LINE
  5
186
330
17
100
AcDbEntity
  8
GREEN
100
AcDbLine
 10
395.7
 20
88.0
 30
0.0
 11
398.3
 21
88.0
 31
0.0
  0
LINE
  5
187
330
17
100
AcDbEntity
  8
GREEN
100
AcDbLine
 10
397.0
 20
86.7
 30
0.0
 11
397.0
 21
89.3
 31
0.0
  0
CIRCLE
  5
188
330
17
100
AcDbEntity
  8
GREEN
100
AcDbCircle
 10
3.0
 20
102.0
 30
0.0
 40
1.3
  0
LINE
  5
189
330
17
100
AcDbEntity
  8
GREEN
100
AcDbLine
 10
1.7
 20
102.0
 30
0.0
 11
4.3
 21
102.0
 31
0.0
  0
LINE
  5
18A
330
17
100
AcDbEntity
  8
GREEN
100
AcDbLine
 10
3.0
 20
100.7
 30
0.0
 11
3.0
 21
103.3
 31
0.0
  0
CIRCLE
  5
18B
330
17
100
AcDbEntity
  8
GREEN
100
AcDbCircle
 10
397.0
 20
102.0
 30
0.0
 40
1.3
  0
LINE
  5
18C
330
17
100
AcDbEntity
  8
GREEN
100
AcDbLine
 10
395.7
 20
102.0
 30
0.0
 11
398.3
 21
102.0
 31
0.0
  0
LINE
  5
18D
330
17
100
AcDbEntity
  8
GREEN
100
AcDbLine
 10
397.0
 20
100.7
 30
0.0
 11
397.0
 21
103.3
 31
0.0
  0
CIRCLE
  5
18E
330
17
100
AcDbEntity
  8
GREEN
100
AcDbCircle
 10
3.0
 20
116.0
 30
0.0
 40
1.3
  0
LINE
  5
18F
330
17
100
AcDbEntity
  8
GREEN
100
AcDbLine
 10
1.7
 20
116.0
 30
0.0
 11
4.3
 21
116.0
 31
0.0
  0
LINE
  5
190
330
17
100
AcDbEntity
  8
GREEN
100
AcDbLine
 10
3.0
 20
114.7
 30
0.0
 11
3.0
 21
117.3
 31
0.0
  0
CIRCLE
  5
191
330
17
100
AcDbEntity
  8
GREEN
100
AcDbCircle
 10
397.0
 20
116.0
 30
0.0
 40
1.3
  0
LINE
  5
192
330
17
100
AcDbEntity
  8
GREEN
100
AcDbLine
 10
395.7
 20
116.0
 30
0.0
 11
398.3
 21
116.0
 31
0.0
  0
LINE
  5
193
330
17
100
AcDbEntity
  8
GREEN
100
AcDbLine
 10
397.0
 20
114.7
 30
0.0
 11
397.0
 21
117.3
 31
0.0
  0
CIRCLE
  5
194
330
17
100
AcDbEntity
  8
GREEN
100
AcDbCircle
 10
3.0
 20
130.0
 30
0.0
 40
1.3
  0
LINE
  5
195
330
17
100
AcDbEntity
  8
GREEN
100
AcDbLine
 10
1.7
 20
130.0
 30
0.0
 11
4.3
 21
130.0
 31
0.0
  0
LINE
  5
196
330
17
100
AcDbEntity
  8
GREEN
100
AcDbLine
 10
3.0
 20
128.7
 30
0.0
 11
3.0
 21
131.3
 31
0.0
  0
CIRCLE
  5
197
330
17
100
AcDbEntity
  8
GREEN
100
AcDbCircle
 10
397.0
 20
130.0
 30
0.0
 40
1.3
  0
LINE
  5
198
330
17
100
AcDbEntity
  8
GREEN
100
AcDbLine
 10
395.7
 20
130.0
 30
0.0
 11
398.3
 21
130.0
 31
0.0
  0
LINE
  5
199
330
17
100
AcDbEntity
  8
GREEN
100
AcDbLine
 10
397.0
 20
128.7
 30
0.0
 11
397.0
 21
131.3
 31
0.0
  0
CIRCLE
  5
19A
330
17
100
AcDbEntity
  8
GREEN
100
AcDbCircle
 10
3.0
 20
144.0
 30
0.0
 40
1.3
  0
LINE
  5
19B
330
17
100
AcDbEntity
  8
GREEN
100
AcDbLine
 10
1.7
 20
144.0
 30
0.0
 11
4.3
 21
144.0
 31
0.0
  0
LINE
  5
19C
330
17
100
AcDbEntity
  8
GREEN
100
AcDbLine
 10
3.0
 20
142.7
 30
0.0
 11
3.0
 21
145.3
 31
0.0
  0
CIRCLE
  5
19D
330
17
100
AcDbEntity
  8
GREEN
100
AcDbCircle
 10
397.0
 20
144.0
 30
0.0
 40
1.3
  0
LINE
  5
19E
330
17
100
AcDbEntity
  8
GREEN
100
AcDbLine
 10
395.7
 20
144.0
 30
0.0
 11
398.3
 21
144.0
 31
0.0
  0
LINE
  5
19F
330
17
100
AcDbEntity
  8
GREEN
100
AcDbLine
 10
397.0
 20
142.7
 30
0.0
 11
397.0
 21
145.3
 31
0.0
  0
CIRCLE
  5
1A0
330
17
100
AcDbEntity
  8
GREEN
100
AcDbCircle
 10
3.0
 20
158.0
 30
0.0
 40
1.3
  0
LINE
  5
1A1
330
17
100
AcDbEntity
  8
GREEN
100
AcDbLine
 10
1.7
 20
158.0
 30
0.0
 11
4.3
 21
158.0
 31
0.0
  0
LINE
  5
1A2
330
17
100
AcDbEntity
  8
GREEN
100
AcDbLine
 10
3.0
 20
156.7
 30
0.0
 11
3.0
 21
159.3
 31
0.0
  0
CIRCLE
  5
1A3
330
17
100
AcDbEntity
  8
GREEN
100
AcDbCircle
 10
397.0
 20
158.0
 30
0.0
 40
1.3
  0
LINE
  5
1A4
330
17
100
AcDbEntity
  8
GREEN
100
AcDbLine
 10
395.7
 20
158.0
 30
0.0
 11
398.3
 21
158.0
 31
0.0
  0
LINE
  5
1A5
330
17
100
AcDbEntity
  8
GREEN
100
AcDbLine
 10
397.0
 20
156.7
 30
0.0
 11
397.0
 21
159.3
 31
0.0
  0
CIRCLE
  5
1A6
330
17
100
AcDbEntity
  8
GREEN
100
AcDbCircle
 10
3.0
 20
172.0
 30
0.0
 40
1.3
  0
LINE
  5
1A7
330
17
100
AcDbEntity
  8
GREEN
100
AcDbLine
 10
1.7
 20
172.0
 30
0.0
 11
4.3
 21
172.0
 31
0.0
  0
LINE
  5
1A8
330
17
100
AcDbEntity
  8
GREEN
100
AcDbLine
 10
3.0
 20
170.7
 30
0.0
 11
3.0
 21
173.3
 31
0.0
  0
CIRCLE
  5
1A9
330
17
100
AcDbEntity
  8
GREEN
100
AcDbCircle
 10
397.0
 20
172.0
 30
0.0
 40
1.3
  0
LINE
  5
1AA
330
17
100
AcDbEntity
  8
GREEN
100
AcDbLine
 10
395.7
 20
172.0
 30
0.0
 11
398.3
 21
172.0
 31
0.0
  0
LINE
  5
1AB
330
17
100
AcDbEntity
  8
GREEN
100
AcDbLine
 10
397.0
 20
170.7
 30
0.0
 11
397.0
 21
173.3
 31
0.0
  0
CIRCLE
  5
1AC
330
17
100
AcDbEntity
  8
GREEN
100
AcDbCircle
 10
3.0
 20
186.0
 30
0.0
 40
1.3
  0
LINE
  5
1AD
330
17
100
AcDbEntity
  8
GREEN
100
AcDbLine
 10
1.7
 20
186.0
 30
0.0
 11
4.3
 21
186.0
 31
0.0
  0
LINE
  5
1AE
330
17
100
AcDbEntity
  8
GREEN
100
AcDbLine
 10
3.0
 20
184.7
 30
0.0
 11
3.0
 21
187.3
 31
0.0
  0
CIRCLE
  5
1AF
330
17
100
AcDbEntity
  8
GREEN
100
AcDbCircle
 10
397.0
 20
186.0
 30
0.0
 40
1.3
  0
LINE
  5
1B0
330
17
100
AcDbEntity
  8
GREEN
100
AcDbLine
 10
395.7
 20
186.0
 30
0.0
 11
398.3
 21
186.0
 31
0.0
  0
LINE
  5
1B1
330
17
100
AcDbEntity
  8
GREEN
100
AcDbLine
 10
397.0
 20
184.7
 30
0.0
 11
397.0
 21
187.3
 31
0.0
  0
CIRCLE
  5
1B2
330
17
100
AcDbEntity
  8
GREEN
100
AcDbCircle
 10
3.0
 20
200.0
 30
0.0
 40
1.3
  0
LINE
  5
1B3
330
17
100
AcDbEntity
  8
GREEN
100
AcDbLine
 10
1.7
 20
200.0
 30
0.0
 11
4.3
 21
200.0
 31
0.0
  0
LINE
  5
1B4
330
17
100
AcDbEntity
  8
GREEN
100
AcDbLine
 10
3.0
 20
198.7
 30
0.0
 11
3.0
 21
201.3
 31
0.0
  0
CIRCLE
  5
1B5
330
17
100
AcDbEntity
  8
GREEN
100
AcDbCircle
 10
397.0
 20
200.0
 30
0.0
 40
1.3
  0
LINE
  5
1B6
330
17
100
AcDbEntity
  8
GREEN
100
AcDbLine
 10
395.7
 20
200.0
 30
0.0
 11
398.3
 21
200.0
 31
0.0
  0
LINE
  5
1B7
330
17
100
AcDbEntity
  8
GREEN
100
AcDbLine
 10
397.0
 20
198.7
 30
0.0
 11
397.0
 21
201.3
 31
0.0
  0
CIRCLE
  5
1B8
330
17
100
AcDbEntity
  8
GREEN
100
AcDbCircle
 10
3.0
 20
214.0
 30
0.0
 40
1.3
  0
LINE
  5
1B9
330
17
100
AcDbEntity
  8
GREEN
100
AcDbLine
 10
1.7
 20
214.0
 30
0.0
 11
4.3
 21
214.0
 31
0.0
  0
LINE
  5
1BA
330
17
100
AcDbEntity
  8
GREEN
100
AcDbLine
 10
3.0
 20
212.7
 30
0.0
 11
3.0
 21
215.3
 31
0.0
  0
CIRCLE
  5
1BB
330
17
100
AcDbEntity
  8
GREEN
100
AcDbCircle
 10
397.0
 20
214.0
 30
0.0
 40
1.3
  0
LINE
  5
1BC
330
17
100
AcDbEntity
  8
GREEN
100
AcDbLine
 10
395.7
 20
214.0
 30
0.0
 11
398.3
 21
214.0
 31
0.0
  0
LINE
  5
1BD
330
17
100
AcDbEntity
  8
GREEN
100
AcDbLine
 10
397.0
 20
212.7
 30
0.0
 11
397.0
 21
215.3
 31
0.0
  0
CIRCLE
  5
1BE
330
17
100
AcDbEntity
  8
GREEN
100
AcDbCircle
 10
3.0
 20
228.0
 30
0.0
 40
1.3
  0
LINE
  5
1BF
330
17
100
AcDbEntity
  8
GREEN
100
AcDbLine
 10
1.7
 20
228.0
 30
0.0
 11
4.3
 21
228.0
 31
0.0
  0
LINE
  5
1C0
330
17
100
AcDbEntity
  8
GREEN
100
AcDbLine
 10
3.0
 20
226.7
 30
0.0
 11
3.0
 21
229.3
 31
0.0
  0
CIRCLE
  5
1C1
330
17
100
AcDbEntity
  8
GREEN
100
AcDbCircle
 10
397.0
 20
228.0
 30
0.0
 40
1.3
  0
LINE
  5
1C2
330
17
100
AcDbEntity
  8
GREEN
100
AcDbLine
 10
395.7
 20
228.0
 30
0.0
 11
398.3
 21
228.0
 31
0.0
  0
LINE
  5
1C3
330
17
100
AcDbEntity
  8
GREEN
100
AcDbLine
 10
397.0
 20
226.7
 30
0.0
 11
397.0
 21
229.3
 31
0.0
  0
CIRCLE
  5
1C4
330
17
100
AcDbEntity
  8
GREEN
100
AcDbCircle
 10
3.0
 20
242.0
 30
0.0
 40
1.3
  0
LINE
  5
1C5
330
17
100
AcDbEntity
  8
GREEN
100
AcDbLine
 10
1.7
 20
242.0
 30
0.0
 11
4.3
 21
242.0
 31
0.0
  0
LINE
  5
1C6
330
17
100
AcDbEntity
  8
GREEN
100
AcDbLine
 10
3.0
 20
240.7
 30
0.0
 11
3.0
 21
243.3
 31
0.0
  0
CIRCLE
  5
1C7
330
17
100
AcDbEntity
  8
GREEN
100
AcDbCircle
 10
397.0
 20
242.0
 30
0.0
 40
1.3
  0
LINE
  5
1C8
330
17
100
AcDbEntity
  8
GREEN
100
AcDbLine
 10
395.7
 20
242.0
 30
0.0
 11
398.3
 21
242.0
 31
0.0
  0
LINE
  5
1C9
330
17
100
AcDbEntity
  8
GREEN
100
AcDbLine
 10
397.0
 20
240.7
 30
0.0
 11
397.0
 21
243.3
 31
0.0
  0
CIRCLE
  5
1CA
330
17
100
AcDbEntity
  8
GREEN
100
AcDbCircle
 10
3.0
 20
256.0
 30
0.0
 40
1.3
  0
LINE
  5
1CB
330
17
100
AcDbEntity
  8
GREEN
100
AcDbLine
 10
1.7
 20
256.0
 30
0.0
 11
4.3
 21
256.0
 31
0.0
  0
LINE
  5
1CC
330
17
100
AcDbEntity
  8
GREEN
100
AcDbLine
 10
3.0
 20
254.7
 30
0.0
 11
3.0
 21
257.3
 31
0.0
  0
CIRCLE
  5
1CD
330
17
100
AcDbEntity
  8
GREEN
100
AcDbCircle
 10
3.0
 20
270.0
 30
0.0
 40
1.3
  0
LINE
  5
1CE
330
17
100
AcDbEntity
  8
GREEN
100
AcDbLine
 10
1.7
 20
270.0
 30
0.0
 11
4.3
 21
270.0
 31
0.0
  0
LINE
  5
1CF
330
17
100
AcDbEntity
  8
GREEN
100
AcDbLine
 10
3.0
 20
268.7
 30
0.0
 11
3.0
 21
271.3
 31
0.0
  0
CIRCLE
  5
1D0
330
17
100
AcDbEntity
  8
GREEN
100
AcDbCircle
 10
3.0
 20
284.0
 30
0.0
 40
1.3
  0
LINE
  5
1D1
330
17
100
AcDbEntity
  8
GREEN
100
AcDbLine
 10
1.7
 20
284.0
 30
0.0
 11
4.3
 21
284.0
 31
0.0
  0
LINE
  5
1D2
330
17
100
AcDbEntity
  8
GREEN
100
AcDbLine
 10
3.0
 20
282.7
 30
0.0
 11
3.0
 21
285.3
 31
0.0
  0
CIRCLE
  5
1D3
330
17
100
AcDbEntity
  8
GREEN
100
AcDbCircle
 10
397.0
 20
284.0
 30
0.0
 40
1.3
  0
LINE
  5
1D4
330
17
100
AcDbEntity
  8
GREEN
100
AcDbLine
 10
395.7
 20
284.0
 30
0.0
 11
398.3
 21
284.0
 31
0.0
  0
LINE
  5
1D5
330
17
100
AcDbEntity
  8
GREEN
100
AcDbLine
 10
397.0
 20
282.7
 30
0.0
 11
397.0
 21
285.3
 31
0.0
  0
CIRCLE
  5
1D6
330
17
100
AcDbEntity
  8
GREEN
100
AcDbCircle
 10
20.0
 20
205.0
 30
0.0
 40
1.0
  0
LINE
  5
1D7
330
17
100
AcDbEntity
  8
GREEN
100
AcDbLine
 10
19.0
 20
205.0
 30
0.0
 11
21.0
 21
205.0
 31
0.0
  0
LINE
  5
1D8
330
17
100
AcDbEntity
  8
GREEN
100
AcDbLine
 10
20.0
 20
204.0
 30
0.0
 11
20.0
 21
206.0
 31
0.0
  0
CIRCLE
  5
1D9
330
17
100
AcDbEntity
  8
GREEN
100
AcDbCircle
 10
20.0
 20
115.0
 30
0.0
 40
1.0
  0
LINE
  5
1DA
330
17
100
AcDbEntity
  8
GREEN
100
AcDbLine
 10
19.0
 20
115.0
 30
0.0
 11
21.0
 21
115.0
 31
0.0
  0
LINE
  5
1DB
330
17
100
AcDbEntity
  8
GREEN
100
AcDbLine
 10
20.0
 20
114.0
 30
0.0
 11
20.0
 21
116.0
 31
0.0
  0
CIRCLE
  5
1DC
330
17
100
AcDbEntity
  8
GREEN
100
AcDbCircle
 10
38.0
 20
205.0
 30
0.0
 40
1.0
  0
LINE
  5
1DD
330
17
100
AcDbEntity
  8
GREEN
100
AcDbLine
 10
37.0
 20
205.0
 30
0.0
 11
39.0
 21
205.0
 31
0.0
  0
LINE
  5
1DE
330
17
100
AcDbEntity
  8
GREEN
100
AcDbLine
 10
38.0
 20
204.0
 30
0.0
 11
38.0
 21
206.0
 31
0.0
  0
CIRCLE
  5
1DF
330
17
100
AcDbEntity
  8
GREEN
100
AcDbCircle
 10
38.0
 20
115.0
 30
0.0
 40
1.0
  0
LINE
  5
1E0
330
17
100
AcDbEntity
  8
GREEN
100
AcDbLine
 10
37.0
 20
115.0
 30
0.0
 11
39.0
 21
115.0
 31
0.0
  0
LINE
  5
1E1
330
17
100
AcDbEntity
  8
GREEN
100
AcDbLine
 10
38.0
 20
114.0
 30
0.0
 11
38.0
 21
116.0
 31
0.0
  0
CIRCLE
  5
1E2
330
17
100
AcDbEntity
  8
GREEN
100
AcDbCircle
 10
56.0
 20
205.0
 30
0.0
 40
1.0
  0
LINE
  5
1E3
330
17
100
AcDbEntity
  8
GREEN
100
AcDbLine
 10
55.0
 20
205.0
 30
0.0
 11
57.0
 21
205.0
 31
0.0
  0
LINE
  5
1E4
330
17
100
AcDbEntity
  8
GREEN
100
AcDbLine
 10
56.0
 20
204.0
 30
0.0
 11
56.0
 21
206.0
 31
0.0
  0
CIRCLE
  5
1E5
330
17
100
AcDbEntity
  8
GREEN
100
AcDbCircle
 10
56.0
 20
115.0
 30
0.0
 40
1.0
  0
LINE
  5
1E6
330
17
100
AcDbEntity
  8
GREEN
100
AcDbLine
 10
55.0
 20
115.0
 30
0.0
 11
57.0
 21
115.0
 31
0.0
  0
LINE
  5
1E7
330
17
100
AcDbEntity
  8
GREEN
100
AcDbLine
 10
56.0
 20
114.0
 30
0.0
 11
56.0
 21
116.0
 31
0.0
  0
CIRCLE
  5
1E8
330
17
100
AcDbEntity
  8
GREEN
100
AcDbCircle
 10
74.0
 20
205.0
 30
0.0
 40
1.0
  0
LINE
  5
1E9
330
17
100
AcDbEntity
  8
GREEN
100
AcDbLine
 10
73.0
 20
205.0
 30
0.0
 11
75.0
 21
205.0
 31
0.0
  0
LINE
  5
1EA
330
17
100
AcDbEntity
  8
GREEN
100
AcDbLine
 10
74.0
 20
204.0
 30
0.0
 11
74.0
 21
206.0
 31
0.0
  0
CIRCLE
  5
1EB
330
17
100
AcDbEntity
  8
GREEN
100
AcDbCircle
 10
74.0
 20
115.0
 30
0.0
 40
1.0
  0
LINE
  5
1EC
330
17
100
AcDbEntity
  8
GREEN
100
AcDbLine
 10
73.0
 20
115.0
 30
0.0
 11
75.0
 21
115.0
 31
0.0
  0
LINE
  5
1ED
330
17
100
AcDbEntity
  8
GREEN
100
AcDbLine
 10
74.0
 20
114.0
 30
0.0
 11
74.0
 21
116.0
 31
0.0
  0
CIRCLE
  5
1EE
330
17
100
AcDbEntity
  8
GREEN
100
AcDbCircle
 10
92.0
 20
205.0
 30
0.0
 40
1.0
  0
LINE
  5
1EF
330
17
100
AcDbEntity
  8
GREEN
100
AcDbLine
 10
91.0
 20
205.0
 30
0.0
 11
93.0
 21
205.0
 31
0.0
  0
LINE
  5
1F0
330
17
100
AcDbEntity
  8
GREEN
100
AcDbLine
 10
92.0
 20
204.0
 30
0.0
 11
92.0
 21
206.0
 31
0.0
  0
CIRCLE
  5
1F1
330
17
100
AcDbEntity
  8
GREEN
100
AcDbCircle
 10
92.0
 20
115.0
 30
0.0
 40
1.0
  0
LINE
  5
1F2
330
17
100
AcDbEntity
  8
GREEN
100
AcDbLine
 10
91.0
 20
115.0
 30
0.0
 11
93.0
 21
115.0
 31
0.0
  0
LINE
  5
1F3
330
17
100
AcDbEntity
  8
GREEN
100
AcDbLine
 10
92.0
 20
114.0
 30
0.0
 11
92.0
 21
116.0
 31
0.0
  0
CIRCLE
  5
1F4
330
17
100
AcDbEntity
  8
GREEN
100
AcDbCircle
 10
110.0
 20
205.0
 30
0.0
 40
1.0
  0
LINE
  5
1F5
330
17
100
AcDbEntity
  8
GREEN
100
AcDbLine
 10
109.0
 20
205.0
 30
0.0
 11
111.0
 21
205.0
 31
0.0
  0
LINE
  5
1F6
330
17
100
AcDbEntity
  8
GREEN
100
AcDbLine
 10
110.0
 20
204.0
 30
0.0
 11
110.0
 21
206.0
 31
0.0
  0
CIRCLE
  5
1F7
330
17
100
AcDbEntity
  8
GREEN
100
AcDbCircle
 10
110.0
 20
115.0
 30
0.0
 40
1.0
  0
LINE
  5
1F8
330
17
100
AcDbEntity
  8
GREEN
100
AcDbLine
 10
109.0
 20
115.0
 30
0.0
 11
111.0
 21
115.0
 31
0.0
  0
LINE
  5
1F9
330
17
100
AcDbEntity
  8
GREEN
100
AcDbLine
 10
110.0
 20
114.0
 30
0.0
 11
110.0
 21
116.0
 31
0.0
  0
CIRCLE
  5
1FA
330
17
100
AcDbEntity
  8
GREEN
100
AcDbCircle
 10
128.0
 20
205.0
 30
0.0
 40
1.0
  0
LINE
  5
1FB
330
17
100
AcDbEntity
  8
GREEN
100
AcDbLine
 10
127.0
 20
205.0
 30
0.0
 11
129.0
 21
205.0
 31
0.0
  0
LINE
  5
1FC
330
17
100
AcDbEntity
  8
GREEN
100
AcDbLine
 10
128.0
 20
204.0
 30
0.0
 11
128.0
 21
206.0
 31
0.0
  0
CIRCLE
  5
1FD
330
17
100
AcDbEntity
  8
GREEN
100
AcDbCircle
 10
128.0
 20
115.0
 30
0.0
 40
1.0
  0
LINE
  5
1FE
330
17
100
AcDbEntity
  8
GREEN
100
AcDbLine
 10
127.0
 20
115.0
 30
0.0
 11
129.0
 21
115.0
 31
0.0
  0
LINE
  5
1FF
330
17
100
AcDbEntity
  8
GREEN
100
AcDbLine
 10
128.0
 20
114.0
 30
0.0
 11
128.0
 21
116.0
 31
0.0
  0
CIRCLE
  5
200
330
17
100
AcDbEntity
  8
GREEN
100
AcDbCircle
 10
146.0
 20
205.0
 30
0.0
 40
1.0
  0
LINE
  5
201
330
17
100
AcDbEntity
  8
GREEN
100
AcDbLine
 10
145.0
 20
205.0
 30
0.0
 11
147.0
 21
205.0
 31
0.0
  0
LINE
  5
202
330
17
100
AcDbEntity
  8
GREEN
100
AcDbLine
 10
146.0
 20
204.0
 30
0.0
 11
146.0
 21
206.0
 31
0.0
  0
CIRCLE
  5
203
330
17
100
AcDbEntity
  8
GREEN
100
AcDbCircle
 10
146.0
 20
115.0
 30
0.0
 40
1.0
  0
LINE
  5
204
330
17
100
AcDbEntity
  8
GREEN
100
AcDbLine
 10
145.0
 20
115.0
 30
0.0
 11
147.0
 21
115.0
 31
0.0
  0
LINE
  5
205
330
17
100
AcDbEntity
  8
GREEN
100
AcDbLine
 10
146.0
 20
114.0
 30
0.0
 11
146.0
 21
116.0
 31
0.0
  0
CIRCLE
  5
206
330
17
100
AcDbEntity
  8
GREEN
100
AcDbCircle
 10
164.0
 20
205.0
 30
0.0
 40
1.0
  0
LINE
  5
207
330
17
100
AcDbEntity
  8
GREEN
100
AcDbLine
 10
163.0
 20
205.0
 30
0.0
 11
165.0
 21
205.0
 31
0.0
  0
LINE
  5
208
330
17
100
AcDbEntity
  8
GREEN
100
AcDbLine
 10
164.0
 20
204.0
 30
0.0
 11
164.0
 21
206.0
 31
0.0
  0
CIRCLE
  5
209
330
17
100
AcDbEntity
  8
GREEN
100
AcDbCircle
 10
164.0
 20
115.0
 30
0.0
 40
1.0
  0
LINE
  5
20A
330
17
100
AcDbEntity
  8
GREEN
100
AcDbLine
 10
163.0
 20
115.0
 30
0.0
 11
165.0
 21
115.0
 31
0.0
  0
LINE
  5
20B
330
17
100
AcDbEntity
  8
GREEN
100
AcDbLine
 10
164.0
 20
114.0
 30
0.0
 11
164.0
 21
116.0
 31
0.0
  0
CIRCLE
  5
20C
330
17
100
AcDbEntity
  8
GREEN
100
AcDbCircle
 10
182.0
 20
205.0
 30
0.0
 40
1.0
  0
LINE
  5
20D
330
17
100
AcDbEntity
  8
GREEN
100
AcDbLine
 10
181.0
 20
205.0
 30
0.0
 11
183.0
 21
205.0
 31
0.0
  0
LINE
  5
20E
330
17
100
AcDbEntity
  8
GREEN
100
AcDbLine
 10
182.0
 20
204.0
 30
0.0
 11
182.0
 21
206.0
 31
0.0
  0
CIRCLE
  5
20F
330
17
100
AcDbEntity
  8
GREEN
100
AcDbCircle
 10
182.0
 20
115.0
 30
0.0
 40
1.0
  0
LINE
  5
210
330
17
100
AcDbEntity
  8
GREEN
100
AcDbLine
 10
181.0
 20
115.0
 30
0.0
 11
183.0
 21
115.0
 31
0.0
  0
LINE
  5
211
330
17
100
AcDbEntity
  8
GREEN
100
AcDbLine
 10
182.0
 20
114.0
 30
0.0
 11
182.0
 21
116.0
 31
0.0
  0
CIRCLE
  5
212
330
17
100
AcDbEntity
  8
GREEN
100
AcDbCircle
 10
200.0
 20
205.0
 30
0.0
 40
1.0
  0
LINE
  5
213
330
17
100
AcDbEntity
  8
GREEN
100
AcDbLine
 10
199.0
 20
205.0
 30
0.0
 11
201.0
 21
205.0
 31
0.0
  0
LINE
  5
214
330
17
100
AcDbEntity
  8
GREEN
100
AcDbLine
 10
200.0
 20
204.0
 30
0.0
 11
200.0
 21
206.0
 31
0.0
  0
CIRCLE
  5
215
330
17
100
AcDbEntity
  8
GREEN
100
AcDbCircle
 10
200.0
 20
115.0
 30
0.0
 40
1.0
  0
LINE
  5
216
330
17
100
AcDbEntity
  8
GREEN
100
AcDbLine
 10
199.0
 20
115.0
 30
0.0
 11
201.0
 21
115.0
 31
0.0
  0
LINE
  5
217
330
17
100
AcDbEntity
  8
GREEN
100
AcDbLine
 10
200.0
 20
114.0
 30
0.0
 11
200.0
 21
116.0
 31
0.0
  0
CIRCLE
  5
218
330
17
100
AcDbEntity
  8
GREEN
100
AcDbCircle
 10
218.0
 20
205.0
 30
0.0
 40
1.0
  0
LINE
  5
219
330
17
100
AcDbEntity
  8
GREEN
100
AcDbLine
 10
217.0
 20
205.0
 30
0.0
 11
219.0
 21
205.0
 31
0.0
  0
LINE
  5
21A
330
17
100
AcDbEntity
  8
GREEN
100
AcDbLine
 10
218.0
 20
204.0
 30
0.0
 11
218.0
 21
206.0
 31
0.0
  0
CIRCLE
  5
21B
330
17
100
AcDbEntity
  8
GREEN
100
AcDbCircle
 10
218.0
 20
115.0
 30
0.0
 40
1.0
  0
LINE
  5
21C
330
17
100
AcDbEntity
  8
GREEN
100
AcDbLine
 10
217.0
 20
115.0
 30
0.0
 11
219.0
 21
115.0
 31
0.0
  0
LINE
  5
21D
330
17
100
AcDbEntity
  8
GREEN
100
AcDbLine
 10
218.0
 20
114.0
 30
0.0
 11
218.0
 21
116.0
 31
0.0
  0
CIRCLE
  5
21E
330
17
100
AcDbEntity
  8
GREEN
100
AcDbCircle
 10
236.0
 20
205.0
 30
0.0
 40
1.0
  0
LINE
  5
21F
330
17
100
AcDbEntity
  8
GREEN
100
AcDbLine
 10
235.0
 20
205.0
 30
0.0
 11
237.0
 21
205.0
 31
0.0
  0
LINE
  5
220
330
17
100
AcDbEntity
  8
GREEN
100
AcDbLine
 10
236.0
 20
204.0
 30
0.0
 11
236.0
 21
206.0
 31
0.0
  0
CIRCLE
  5
221
330
17
100
AcDbEntity
  8
GREEN
100
AcDbCircle
 10
236.0
 20
115.0
 30
0.0
 40
1.0
  0
LINE
  5
222
330
17
100
AcDbEntity
  8
GREEN
100
AcDbLine
 10
235.0
 20
115.0
 30
0.0
 11
237.0
 21
115.0
 31
0.0
  0
LINE
  5
223
330
17
100
AcDbEntity
  8
GREEN
100
AcDbLine
 10
236.0
 20
114.0
 30
0.0
 11
236.0
 21
116.0
 31
0.0
  0
CIRCLE
  5
224
330
17
100
AcDbEntity
  8
GREEN
100
AcDbCircle
 10
254.0
 20
205.0
 30
0.0
 40
1.0
  0
LINE
  5
225
330
17
100
AcDbEntity
  8
GREEN
100
AcDbLine
 10
253.0
 20
205.0
 30
0.0
 11
255.0
 21
205.0
 31
0.0
  0
LINE
  5
226
330
17
100
AcDbEntity
  8
GREEN
100
AcDbLine
 10
254.0
 20
204.0
 30
0.0
 11
254.0
 21
206.0
 31
0.0
  0
CIRCLE
  5
227
330
17
100
AcDbEntity
  8
GREEN
100
AcDbCircle
 10
254.0
 20
115.0
 30
0.0
 40
1.0
  0
LINE
  5
228
330
17
100
AcDbEntity
  8
GREEN
100
AcDbLine
 10
253.0
 20
115.0
 30
0.0
 11
255.0
 21
115.0
 31
0.0
  0
LINE
  5
229
330
17
100
AcDbEntity
  8
GREEN
100
AcDbLine
 10
254.0
 20
114.0
 30
0.0
 11
254.0
 21
116.0
 31
0.0
  0
CIRCLE
  5
22A
330
17
100
AcDbEntity
  8
GREEN
100
AcDbCircle
 10
272.0
 20
205.0
 30
0.0
 40
1.0
  0
LINE
  5
22B
330
17
100
AcDbEntity
  8
GREEN
100
AcDbLine
 10
271.0
 20
205.0
 30
0.0
 11
273.0
 21
205.0
 31
0.0
  0
LINE
  5
22C
330
17
100
AcDbEntity
  8
GREEN
100
AcDbLine
 10
272.0
 20
204.0
 30
0.0
 11
272.0
 21
206.0
 31
0.0
  0
CIRCLE
  5
22D
330
17
100
AcDbEntity
  8
GREEN
100
AcDbCircle
 10
272.0
 20
115.0
 30
0.0
 40
1.0
  0
LINE
  5
22E
330
17
100
AcDbEntity
  8
GREEN
100
AcDbLine
 10
271.0
 20
115.0
 30
0.0
 11
273.0
 21
115.0
 31
0.0
  0
LINE
  5
22F
330
17
100
AcDbEntity
  8
GREEN
100
AcDbLine
 10
272.0
 20
114.0
 30
0.0
 11
272.0
 21
116.0
 31
0.0
  0
CIRCLE
  5
230
330
17
100
AcDbEntity
  8
GREEN
100
AcDbCircle
 10
290.0
 20
205.0
 30
0.0
 40
1.0
  0
LINE
  5
231
330
17
100
AcDbEntity
  8
GREEN
100
AcDbLine
 10
289.0
 20
205.0
 30
0.0
 11
291.0
 21
205.0
 31
0.0
  0
LINE
  5
232
330
17
100
AcDbEntity
  8
GREEN
100
AcDbLine
 10
290.0
 20
204.0
 30
0.0
 11
290.0
 21
206.0
 31
0.0
  0
CIRCLE
  5
233
330
17
100
AcDbEntity
  8
GREEN
100
AcDbCircle
 10
290.0
 20
115.0
 30
0.0
 40
1.0
  0
LINE
  5
234
330
17
100
AcDbEntity
  8
GREEN
100
AcDbLine
 10
289.0
 20
115.0
 30
0.0
 11
291.0
 21
115.0
 31
0.0
  0
LINE
  5
235
330
17
100
AcDbEntity
  8
GREEN
100
AcDbLine
 10
290.0
 20
114.0
 30
0.0
 11
290.0
 21
116.0
 31
0.0
  0
CIRCLE
  5
236
330
17
100
AcDbEntity
  8
GREEN
100
AcDbCircle
 10
308.0
 20
205.0
 30
0.0
 40
1.0
  0
LINE
  5
237
330
17
100
AcDbEntity
  8
GREEN
100
AcDbLine
 10
307.0
 20
205.0
 30
0.0
 11
309.0
 21
205.0
 31
0.0
  0
LINE
  5
238
330
17
100
AcDbEntity
  8
GREEN
100
AcDbLine
 10
308.0
 20
204.0
 30
0.0
 11
308.0
 21
206.0
 31
0.0
  0
CIRCLE
  5
239
330
17
100
AcDbEntity
  8
GREEN
100
AcDbCircle
 10
308.0
 20
115.0
 30
0.0
 40
1.0
  0
LINE
  5
23A
330
17
100
AcDbEntity
  8
GREEN
100
AcDbLine
 10
307.0
 20
115.0
 30
0.0
 11
309.0
 21
115.0
 31
0.0
  0
LINE
  5
23B
330
17
100
AcDbEntity
  8
GREEN
100
AcDbLine
 10
308.0
 20
114.0
 30
0.0
 11
308.0
 21
116.0
 31
0.0
  0
CIRCLE
  5
23C
330
17
100
AcDbEntity
  8
GREEN
100
AcDbCircle
 10
326.0
 20
205.0
 30
0.0
 40
1.0
  0
LINE
  5
23D
330
17
100
AcDbEntity
  8
GREEN
100
AcDbLine
 10
325.0
 20
205.0
 30
0.0
 11
327.0
 21
205.0
 31
0.0
  0
LINE
  5
23E
330
17
100
AcDbEntity
  8
GREEN
100
AcDbLine
 10
326.0
 20
204.0
 30
0.0
 11
326.0
 21
206.0
 31
0.0
  0
CIRCLE
  5
23F
330
17
100
AcDbEntity
  8
GREEN
100
AcDbCircle
 10
326.0
 20
115.0
 30
0.0
 40
1.0
  0
LINE
  5
240
330
17
100
AcDbEntity
  8
GREEN
100
AcDbLine
 10
325.0
 20
115.0
 30
0.0
 11
327.0
 21
115.0
 31
0.0
  0
LINE
  5
241
330
17
100
AcDbEntity
  8
GREEN
100
AcDbLine
 10
326.0
 20
114.0
 30
0.0
 11
326.0
 21
116.0
 31
0.0
  0
CIRCLE
  5
242
330
17
100
AcDbEntity
  8
GREEN
100
AcDbCircle
 10
344.0
 20
205.0
 30
0.0
 40
1.0
  0
LINE
  5
243
330
17
100
AcDbEntity
  8
GREEN
100
AcDbLine
 10
343.0
 20
205.0
 30
0.0
 11
345.0
 21
205.0
 31
0.0
  0
LINE
  5
244
330
17
100
AcDbEntity
  8
GREEN
100
AcDbLine
 10
344.0
 20
204.0
 30
0.0
 11
344.0
 21
206.0
 31
0.0
  0
CIRCLE
  5
245
330
17
100
AcDbEntity
  8
GREEN
100
AcDbCircle
 10
344.0
 20
115.0
 30
0.0
 40
1.0
  0
LINE
  5
246
330
17
100
AcDbEntity
  8
GREEN
100
AcDbLine
 10
343.0
 20
115.0
 30
0.0
 11
345.0
 21
115.0
 31
0.0
  0
LINE
  5
247
330
17
100
AcDbEntity
  8
GREEN
100
AcDbLine
 10
344.0
 20
114.0
 30
0.0
 11
344.0
 21
116.0
 31
0.0
  0
CIRCLE
  5
248
330
17
100
AcDbEntity
  8
GREEN
100
AcDbCircle
 10
362.0
 20
205.0
 30
0.0
 40
1.0
  0
LINE
  5
249
330
17
100
AcDbEntity
  8
GREEN
100
AcDbLine
 10
361.0
 20
205.0
 30
0.0
 11
363.0
 21
205.0
 31
0.0
  0
LINE
  5
24A
330
17
100
AcDbEntity
  8
GREEN
100
AcDbLine
 10
362.0
 20
204.0
 30
0.0
 11
362.0
 21
206.0
 31
0.0
  0
CIRCLE
  5
24B
330
17
100
AcDbEntity
  8
GREEN
100
AcDbCircle
 10
362.0
 20
115.0
 30
0.0
 40
1.0
  0
LINE
  5
24C
330
17
100
AcDbEntity
  8
GREEN
100
AcDbLine
 10
361.0
 20
115.0
 30
0.0
 11
363.0
 21
115.0
 31
0.0
  0
LINE
  5
24D
330
17
100
AcDbEntity
  8
GREEN
100
AcDbLine
 10
362.0
 20
114.0
 30
0.0
 11
362.0
 21
116.0
 31
0.0
  0
CIRCLE
  5
24E
330
17
100
AcDbEntity
  8
GREEN
100
AcDbCircle
 10
380.0
 20
205.0
 30
0.0
 40
1.0
  0
LINE
  5
24F
330
17
100
AcDbEntity
  8
GREEN
100
AcDbLine
 10
379.0
 20
205.0
 30
0.0
 11
381.0
 21
205.0
 31
0.0
  0
LINE
  5
250
330
17
100
AcDbEntity
  8
GREEN
100
AcDbLine
 10
380.0
 20
204.0
 30
0.0
 11
380.0
 21
206.0
 31
0.0
  0
CIRCLE
  5
251
330
17
100
AcDbEntity
  8
GREEN
100
AcDbCircle
 10
380.0
 20
115.0
 30
0.0
 40
1.0
  0
LINE
  5
252
330
17
100
AcDbEntity
  8
GREEN
100
AcDbLine
 10
379.0
 20
115.0
 30
0.0
 11
381.0
 21
115.0
 31
0.0
  0
LINE
  5
253
330
17
100
AcDbEntity
  8
GREEN
100
AcDbLine
 10
380.0
 20
114.0
 30
0.0
 11
380.0
 21
116.0
 31
0.0
  0
TEXT
  5
254
330
17
100
AcDbEntity
  8
GREEN
100
AcDbText
 10
30.0
 20
205.0
 30
0.0
 40
2.0
  1
绿化带
  7
CN
 72
1
 11
30.0
 21
205.0
 31
0.0
100
AcDbText
 73
2
  0
LWPOLYLINE
  5
255
330
17
100
AcDbEntity
  8
ENVELOPE
100
AcDbPolyline
 90
4
 70
1
 10
348.0
 20
278.0
 10
372.0
 20
278.0
 10
372.0
 20
286.0
 10
348.0
 20
286.0
  0
LWPOLYLINE
  5
256
330
17
100
AcDbEntity
  8
STRUCT-OUT
100
AcDbPolyline
 90
4
 70
1
 10
349.92
 20
278.96
 10
370.08
 20
278.96
 10
370.08
 20
285.04
 10
349.92
 20
285.04
  0
LINE
  5
257
330
17
100
AcDbEntity
  8
STRUCT-IN
100
AcDbLine
 10
360.0
 20
279.0
 30
0.0
 11
360.0
 21
285.0
 31
0.0
  0
TEXT
  5
258
330
17
100
AcDbEntity
  8
TEXT
100
AcDbText
 10
360.0
 20
282.0
 30
0.0
 40
2.2
  1
G1
  7
CN
 72
1
 11
360.0
 21
282.0
 31
0.0
100
AcDbText
 73
2
  0
LINE
  5
259
330
17
100
AcDbEntity
  8
COORD
100
AcDbLine
 10
358.8
 20
282.0
 30
0.0
 11
361.2
 21
282.0
 31
0.0
  0
LINE
  5
25A
330
17
100
AcDbEntity
  8
COORD
100
AcDbLine
 10
360.0
 20
280.8
 30
0.0
 11
360.0
 21
283.2
 31
0.0
  0
LWPOLYLINE
  5
25B
330
17
100
AcDbEntity
  8
ENVELOPE
100
AcDbPolyline
 90
4
 70
1
 10
348.0
 20
250.0
 10
372.0
 20
250.0
 10
372.0
 20
274.0
 10
348.0
 20
274.0
  0
LWPOLYLINE
  5
25C
330
17
100
AcDbEntity
  8
STRUCT-OUT
100
AcDbPolyline
 90
4
 70
1
 10
352.0
 20
252.0
 10
368.0
 20
252.0
 10
368.0
 20
272.0
 10
352.0
 20
272.0
  0
LWPOLYLINE
  5
25D
330
17
100
AcDbEntity
  8
STRUCT-OUT
100
AcDbPolyline
 90
4
 70
1
 10
352.0
 20
252.0
 10
368.0
 20
252.0
 10
368.0
 20
272.0
 10
352.0
 20
272.0
  0
LINE
  5
25E
330
17
100
AcDbEntity
  8
STRUCT-IN
100
AcDbLine
 10
352.0
 20
262.0
 30
0.0
 11
368.0
 21
262.0
 31
0.0
  0
TEXT
  5
25F
330
17
100
AcDbEntity
  8
TEXT
100
AcDbText
 10
360.0
 20
265.8875
 30
0.0
 40
2.7
  1
P
  7
CN
 72
1
 11
360.0
 21
265.8875
 31
0.0
100
AcDbText
 73
2
  0
TEXT
  5
260
330
17
100
AcDbEntity
  8
TEXT
100
AcDbText
 10
360.0
 20
262.5125
 30
0.0
 40
2.7
  1
进水井/提升泵站
  7
CN
 72
1
 11
360.0
 21
262.5125
 31
0.0
100
AcDbText
 73
2
  0
LINE
  5
261
330
17
100
AcDbEntity
  8
COORD
100
AcDbLine
 10
358.8
 20
262.0
 30
0.0
 11
361.2
 21
262.0
 31
0.0
  0
LINE
  5
262
330
17
100
AcDbEntity
  8
COORD
100
AcDbLine
 10
360.0
 20
260.8
 30
0.0
 11
360.0
 21
263.2
 31
0.0
  0
TEXT
  5
263
330
17
100
AcDbEntity
  8
COORD
100
AcDbText
 10
360.0
 20
254.0
 30
0.0
 40
1.7
  1
(360,262)
  7
CN
 72
1
 11
360.0
 21
254.0
 31
0.0
100
AcDbText
 73
2
  0
LWPOLYLINE
  5
264
330
17
100
AcDbEntity
  8
ENVELOPE
100
AcDbPolyline
 90
4
 70
1
 10
310.0
 20
254.0
 10
338.0
 20
254.0
 10
338.0
 20
268.0
 10
310.0
 20
268.0
  0
LWPOLYLINE
  5
265
330
17
100
AcDbEntity
  8
STRUCT-OUT
100
AcDbPolyline
 90
4
 70
1
 10
312.24
 20
255.68
 10
335.76
 20
255.68
 10
335.76
 20
266.32
 10
312.24
 20
266.32
  0
LINE
  5
266
330
17
100
AcDbEntity
  8
STRUCT-IN
100
AcDbLine
 10
324.0
 20
256.0
 30
0.0
 11
324.0
 21
266.0
 31
0.0
  0
TEXT
  5
267
330
17
100
AcDbEntity
  8
TEXT
100
AcDbText
 10
324.0
 20
262.725
 30
0.0
 40
1.8
  1
G2
  7
CN
 72
1
 11
324.0
 21
262.725
 31
0.0
100
AcDbText
 73
2
  0
TEXT
  5
268
330
17
100
AcDbEntity
  8
TEXT
100
AcDbText
 10
324.0
 20
260.475
 30
0.0
 40
1.8
  1
细格栅
  7
CN
 72
1
 11
324.0
 21
260.475
 31
0.0
100
AcDbText
 73
2
  0
LINE
  5
269
330
17
100
AcDbEntity
  8
COORD
100
AcDbLine
 10
322.8
 20
261.0
 30
0.0
 11
325.2
 21
261.0
 31
0.0
  0
LINE
  5
26A
330
17
100
AcDbEntity
  8
COORD
100
AcDbLine
 10
324.0
 20
259.8
 30
0.0
 11
324.0
 21
262.2
 31
0.0
  0
LWPOLYLINE
  5
26B
330
17
100
AcDbEntity
  8
ENVELOPE
100
AcDbPolyline
 90
4
 70
1
 10
190.0
 20
270.0
 10
224.0
 20
270.0
 10
224.0
 20
278.0
 10
190.0
 20
278.0
  0
LWPOLYLINE
  5
26C
330
17
100
AcDbEntity
  8
STRUCT-OUT
100
AcDbPolyline
 90
4
 70
1
 10
192.0
 20
272.1
 10
222.0
 20
272.1
 10
222.0
 20
275.9
 10
192.0
 20
275.9
  0
LINE
  5
26D
330
17
100
AcDbEntity
  8
STRUCT-IN
100
AcDbLine
 10
199.5
 20
272.1
 30
0.0
 11
199.5
 21
275.9
 31
0.0
  0
LINE
  5
26E
330
17
100
AcDbEntity
  8
STRUCT-IN
100
AcDbLine
 10
214.5
 20
272.1
 30
0.0
 11
214.5
 21
275.9
 31
0.0
  0
TEXT
  5
26F
330
17
100
AcDbEntity
  8
TEXT
100
AcDbText
 10
207.0
 20
274.0
 30
0.0
 40
2.2
  1
SA
  7
CN
 72
1
 11
207.0
 21
274.0
 31
0.0
100
AcDbText
 73
2
  0
LINE
  5
270
330
17
100
AcDbEntity
  8
COORD
100
AcDbLine
 10
205.8
 20
274.0
 30
0.0
 11
208.2
 21
274.0
 31
0.0
  0
LINE
  5
271
330
17
100
AcDbEntity
  8
COORD
100
AcDbLine
 10
207.0
 20
272.8
 30
0.0
 11
207.0
 21
275.2
 31
0.0
  0
LWPOLYLINE
  5
272
330
17
100
AcDbEntity
  8
ENVELOPE
100
AcDbPolyline
 90
4
 70
1
 10
240.0
 20
270.0
 10
274.0
 20
270.0
 10
274.0
 20
278.0
 10
240.0
 20
278.0
  0
LWPOLYLINE
  5
273
330
17
100
AcDbEntity
  8
STRUCT-OUT
100
AcDbPolyline
 90
4
 70
1
 10
242.0
 20
272.1
 10
272.0
 20
272.1
 10
272.0
 20
275.9
 10
242.0
 20
275.9
  0
LINE
  5
274
330
17
100
AcDbEntity
  8
STRUCT-IN
100
AcDbLine
 10
249.5
 20
272.1
 30
0.0
 11
249.5
 21
275.9
 31
0.0
  0
LINE
  5
275
330
17
100
AcDbEntity
  8
STRUCT-IN
100
AcDbLine
 10
264.5
 20
272.1
 30
0.0
 11
264.5
 21
275.9
 31
0.0
  0
TEXT
  5
276
330
17
100
AcDbEntity
  8
TEXT
100
AcDbText
 10
257.0
 20
274.0
 30
0.0
 40
2.2
  1
SB
  7
CN
 72
1
 11
257.0
 21
274.0
 31
0.0
100
AcDbText
 73
2
  0
LINE
  5
277
330
17
100
AcDbEntity
  8
COORD
100
AcDbLine
 10
255.8
 20
274.0
 30
0.0
 11
258.2
 21
274.0
 31
0.0
  0
LINE
  5
278
330
17
100
AcDbEntity
  8
COORD
100
AcDbLine
 10
257.0
 20
272.8
 30
0.0
 11
257.0
 21
275.2
 31
0.0
  0
LWPOLYLINE
  5
279
330
17
100
AcDbEntity
  8
ENVELOPE
100
AcDbPolyline
 90
4
 70
1
 10
95.0
 20
254.0
 10
105.0
 20
254.0
 10
105.0
 20
264.0
 10
95.0
 20
264.0
  0
LWPOLYLINE
  5
27A
330
17
100
AcDbEntity
  8
STRUCT-OUT
100
AcDbPolyline
 90
4
 70
1
 10
95.8
 20
255.2
 10
104.2
 20
255.2
 10
104.2
 20
262.8
 10
95.8
 20
262.8
  0
TEXT
  5
27B
330
17
100
AcDbEntity
  8
TEXT
100
AcDbText
 10
100.0
 20
259.0
 30
0.0
 40
2.2
  1
PDA
  7
CN
 72
1
 11
100.0
 21
259.0
 31
0.0
100
AcDbText
 73
2
  0
LINE
  5
27C
330
17
100
AcDbEntity
  8
COORD
100
AcDbLine
 10
98.8
 20
259.0
 30
0.0
 11
101.2
 21
259.0
 31
0.0
  0
LINE
  5
27D
330
17
100
AcDbEntity
  8
COORD
100
AcDbLine
 10
100.0
 20
257.8
 30
0.0
 11
100.0
 21
260.2
 31
0.0
  0
LWPOLYLINE
  5
27E
330
17
100
AcDbEntity
  8
ENVELOPE
100
AcDbPolyline
 90
4
 70
1
 10
295.0
 20
254.0
 10
305.0
 20
254.0
 10
305.0
 20
264.0
 10
295.0
 20
264.0
  0
LWPOLYLINE
  5
27F
330
17
100
AcDbEntity
  8
STRUCT-OUT
100
AcDbPolyline
 90
4
 70
1
 10
295.8
 20
255.2
 10
304.2
 20
255.2
 10
304.2
 20
262.8
 10
295.8
 20
262.8
  0
TEXT
  5
280
330
17
100
AcDbEntity
  8
TEXT
100
AcDbText
 10
300.0
 20
259.0
 30
0.0
 40
2.2
  1
PDB
  7
CN
 72
1
 11
300.0
 21
259.0
 31
0.0
100
AcDbText
 73
2
  0
LINE
  5
281
330
17
100
AcDbEntity
  8
COORD
100
AcDbLine
 10
298.8
 20
259.0
 30
0.0
 11
301.2
 21
259.0
 31
0.0
  0
LINE
  5
282
330
17
100
AcDbEntity
  8
COORD
100
AcDbLine
 10
300.0
 20
257.8
 30
0.0
 11
300.0
 21
260.2
 31
0.0
  0
LWPOLYLINE
  5
283
330
17
100
AcDbEntity
  8
ENVELOPE
100
AcDbPolyline
 90
4
 70
1
 10
18.5
 20
216.0
 10
81.5
 20
216.0
 10
81.5
 20
236.0
 10
18.5
 20
236.0
  0
LWPOLYLINE
  5
284
330
17
100
AcDbEntity
  8
STRUCT-OUT
100
AcDbPolyline
 90
4
 70
1
 10
21.0
 20
218.75
 10
79.0
 20
218.75
 10
79.0
 20
233.25
 10
21.0
 20
233.25
  0
LINE
  5
285
330
17
100
AcDbEntity
  8
STRUCT-IN
100
AcDbLine
 10
35.5
 20
218.75
 30
0.0
 11
35.5
 21
233.25
 31
0.0
  0
LINE
  5
286
330
17
100
AcDbEntity
  8
STRUCT-IN
100
AcDbLine
 10
64.5
 20
218.75
 30
0.0
 11
64.5
 21
233.25
 31
0.0
  0
TEXT
  5
287
330
17
100
AcDbEntity
  8
TEXT
100
AcDbText
 10
50.0
 20
229.8875
 30
0.0
 40
2.7
  1
C1
  7
CN
 72
1
 11
50.0
 21
229.8875
 31
0.0
100
AcDbText
 73
2
  0
TEXT
  5
288
330
17
100
AcDbEntity
  8
TEXT
100
AcDbText
 10
50.0
 20
226.5125
 30
0.0
 40
2.7
  1
平流初沉池1
  7
CN
 72
1
 11
50.0
 21
226.5125
 31
0.0
100
AcDbText
 73
2
  0
LINE
  5
289
330
17
100
AcDbEntity
  8
COORD
100
AcDbLine
 10
48.8
 20
226.0
 30
0.0
 11
51.2
 21
226.0
 31
0.0
  0
LINE
  5
28A
330
17
100
AcDbEntity
  8
COORD
100
AcDbLine
 10
50.0
 20
224.8
 30
0.0
 11
50.0
 21
227.2
 31
0.0
  0
TEXT
  5
28B
330
17
100
AcDbEntity
  8
COORD
100
AcDbText
 10
50.0
 20
218.0
 30
0.0
 40
1.7
  1
(50,226)
  7
CN
 72
1
 11
50.0
 21
218.0
 31
0.0
100
AcDbText
 73
2
  0
LWPOLYLINE
  5
28C
330
17
100
AcDbEntity
  8
ENVELOPE
100
AcDbPolyline
 90
4
 70
1
 10
118.5
 20
216.0
 10
181.5
 20
216.0
 10
181.5
 20
236.0
 10
118.5
 20
236.0
  0
LWPOLYLINE
  5
28D
330
17
100
AcDbEntity
  8
STRUCT-OUT
100
AcDbPolyline
 90
4
 70
1
 10
121.0
 20
218.75
 10
179.0
 20
218.75
 10
179.0
 20
233.25
 10
121.0
 20
233.25
  0
LINE
  5
28E
330
17
100
AcDbEntity
  8
STRUCT-IN
100
AcDbLine
 10
135.5
 20
218.75
 30
0.0
 11
135.5
 21
233.25
 31
0.0
  0
LINE
  5
28F
330
17
100
AcDbEntity
  8
STRUCT-IN
100
AcDbLine
 10
164.5
 20
218.75
 30
0.0
 11
164.5
 21
233.25
 31
0.0
  0
TEXT
  5
290
330
17
100
AcDbEntity
  8
TEXT
100
AcDbText
 10
150.0
 20
229.8875
 30
0.0
 40
2.7
  1
C2
  7
CN
 72
1
 11
150.0
 21
229.8875
 31
0.0
100
AcDbText
 73
2
  0
TEXT
  5
291
330
17
100
AcDbEntity
  8
TEXT
100
AcDbText
 10
150.0
 20
226.5125
 30
0.0
 40
2.7
  1
平流初沉池2
  7
CN
 72
1
 11
150.0
 21
226.5125
 31
0.0
100
AcDbText
 73
2
  0
LINE
  5
292
330
17
100
AcDbEntity
  8
COORD
100
AcDbLine
 10
148.8
 20
226.0
 30
0.0
 11
151.2
 21
226.0
 31
0.0
  0
LINE
  5
293
330
17
100
AcDbEntity
  8
COORD
100
AcDbLine
 10
150.0
 20
224.8
 30
0.0
 11
150.0
 21
227.2
 31
0.0
  0
TEXT
  5
294
330
17
100
AcDbEntity
  8
COORD
100
AcDbText
 10
150.0
 20
218.0
 30
0.0
 40
1.7
  1
(150,226)
  7
CN
 72
1
 11
150.0
 21
218.0
 31
0.0
100
AcDbText
 73
2
  0
LWPOLYLINE
  5
295
330
17
100
AcDbEntity
  8
ENVELOPE
100
AcDbPolyline
 90
4
 70
1
 10
218.5
 20
216.0
 10
281.5
 20
216.0
 10
281.5
 20
236.0
 10
218.5
 20
236.0
  0
LWPOLYLINE
  5
296
330
17
100
AcDbEntity
  8
STRUCT-OUT
100
AcDbPolyline
 90
4
 70
1
 10
221.0
 20
218.75
 10
279.0
 20
218.75
 10
279.0
 20
233.25
 10
221.0
 20
233.25
  0
LINE
  5
297
330
17
100
AcDbEntity
  8
STRUCT-IN
100
AcDbLine
 10
235.5
 20
218.75
 30
0.0
 11
235.5
 21
233.25
 31
0.0
  0
LINE
  5
298
330
17
100
AcDbEntity
  8
STRUCT-IN
100
AcDbLine
 10
264.5
 20
218.75
 30
0.0
 11
264.5
 21
233.25
 31
0.0
  0
TEXT
  5
299
330
17
100
AcDbEntity
  8
TEXT
100
AcDbText
 10
250.0
 20
229.8875
 30
0.0
 40
2.7
  1
C3
  7
CN
 72
1
 11
250.0
 21
229.8875
 31
0.0
100
AcDbText
 73
2
  0
TEXT
  5
29A
330
17
100
AcDbEntity
  8
TEXT
100
AcDbText
 10
250.0
 20
226.5125
 30
0.0
 40
2.7
  1
平流初沉池3
  7
CN
 72
1
 11
250.0
 21
226.5125
 31
0.0
100
AcDbText
 73
2
  0
LINE
  5
29B
330
17
100
AcDbEntity
  8
COORD
100
AcDbLine
 10
248.8
 20
226.0
 30
0.0
 11
251.2
 21
226.0
 31
0.0
  0
LINE
  5
29C
330
17
100
AcDbEntity
  8
COORD
100
AcDbLine
 10
250.0
 20
224.8
 30
0.0
 11
250.0
 21
227.2
 31
0.0
  0
TEXT
  5
29D
330
17
100
AcDbEntity
  8
COORD
100
AcDbText
 10
250.0
 20
218.0
 30
0.0
 40
1.7
  1
(250,226)
  7
CN
 72
1
 11
250.0
 21
218.0
 31
0.0
100
AcDbText
 73
2
  0
LWPOLYLINE
  5
29E
330
17
100
AcDbEntity
  8
ENVELOPE
100
AcDbPolyline
 90
4
 70
1
 10
318.5
 20
216.0
 10
381.5
 20
216.0
 10
381.5
 20
236.0
 10
318.5
 20
236.0
  0
LWPOLYLINE
  5
29F
330
17
100
AcDbEntity
  8
STRUCT-OUT
100
AcDbPolyline
 90
4
 70
1
 10
321.0
 20
218.75
 10
379.0
 20
218.75
 10
379.0
 20
233.25
 10
321.0
 20
233.25
  0
LINE
  5
2A0
330
17
100
AcDbEntity
  8
STRUCT-IN
100
AcDbLine
 10
335.5
 20
218.75
 30
0.0
 11
335.5
 21
233.25
 31
0.0
  0
LINE
  5
2A1
330
17
100
AcDbEntity
  8
STRUCT-IN
100
AcDbLine
 10
364.5
 20
218.75
 30
0.0
 11
364.5
 21
233.25
 31
0.0
  0
TEXT
  5
2A2
330
17
100
AcDbEntity
  8
TEXT
100
AcDbText
 10
350.0
 20
229.8875
 30
0.0
 40
2.7
  1
C4
  7
CN
 72
1
 11
350.0
 21
229.8875
 31
0.0
100
AcDbText
 73
2
  0
TEXT
  5
2A3
330
17
100
AcDbEntity
  8
TEXT
100
AcDbText
 10
350.0
 20
226.5125
 30
0.0
 40
2.7
  1
平流初沉池4
  7
CN
 72
1
 11
350.0
 21
226.5125
 31
0.0
100
AcDbText
 73
2
  0
LINE
  5
2A4
330
17
100
AcDbEntity
  8
COORD
100
AcDbLine
 10
348.8
 20
226.0
 30
0.0
 11
351.2
 21
226.0
 31
0.0
  0
LINE
  5
2A5
330
17
100
AcDbEntity
  8
COORD
100
AcDbLine
 10
350.0
 20
224.8
 30
0.0
 11
350.0
 21
227.2
 31
0.0
  0
TEXT
  5
2A6
330
17
100
AcDbEntity
  8
COORD
100
AcDbText
 10
350.0
 20
218.0
 30
0.0
 40
1.7
  1
(350,226)
  7
CN
 72
1
 11
350.0
 21
218.0
 31
0.0
100
AcDbText
 73
2
  0
LWPOLYLINE
  5
2A7
330
17
100
AcDbEntity
  8
ENVELOPE
100
AcDbPolyline
 90
4
 70
1
 10
12.5
 20
138.0
 10
87.5
 20
138.0
 10
87.5
 20
188.0
 10
12.5
 20
188.0
  0
LWPOLYLINE
  5
2A8
330
17
100
AcDbEntity
  8
STRUCT-OUT
100
AcDbPolyline
 90
4
 70
1
 10
15.0
 20
140.5
 10
85.0
 20
140.5
 10
85.0
 20
185.5
 10
15.0
 20
185.5
  0
LINE
  5
2A9
330
17
100
AcDbEntity
  8
STRUCT-IN
100
AcDbLine
 10
15.0
 20
148.0
 30
0.0
 11
85.0
 21
148.0
 31
0.0
  0
LINE
  5
2AA
330
17
100
AcDbEntity
  8
STRUCT-IN
100
AcDbLine
 10
15.0
 20
155.5
 30
0.0
 11
85.0
 21
155.5
 31
0.0
  0
LINE
  5
2AB
330
17
100
AcDbEntity
  8
STRUCT-IN
100
AcDbLine
 10
15.0
 20
163.0
 30
0.0
 11
85.0
 21
163.0
 31
0.0
  0
LINE
  5
2AC
330
17
100
AcDbEntity
  8
STRUCT-IN
100
AcDbLine
 10
15.0
 20
170.5
 30
0.0
 11
85.0
 21
170.5
 31
0.0
  0
LINE
  5
2AD
330
17
100
AcDbEntity
  8
STRUCT-IN
100
AcDbLine
 10
15.0
 20
178.0
 30
0.0
 11
85.0
 21
178.0
 31
0.0
  0
LWPOLYLINE
  5
2AE
330
17
100
AcDbEntity
  8
FLOW
100
AcDbPolyline
 90
3
 70
1
 10
59.0
 20
144.25
 10
57.2
 20
145.06
 10
57.2
 20
143.44
  0
LWPOLYLINE
  5
2AF
330
17
100
AcDbEntity
  8
FLOW
100
AcDbPolyline
 90
3
 70
1
 10
41.0
 20
151.75
 10
42.8
 20
150.94
 10
42.8
 20
152.56
  0
LWPOLYLINE
  5
2B0
330
17
100
AcDbEntity
  8
FLOW
100
AcDbPolyline
 90
3
 70
1
 10
59.0
 20
159.25
 10
57.2
 20
160.06
 10
57.2
 20
158.44
  0
LWPOLYLINE
  5
2B1
330
17
100
AcDbEntity
  8
FLOW
100
AcDbPolyline
 90
3
 70
1
 10
41.0
 20
166.75
 10
42.8
 20
165.94
 10
42.8
 20
167.56
  0
LWPOLYLINE
  5
2B2
330
17
100
AcDbEntity
  8
FLOW
100
AcDbPolyline
 90
3
 70
1
 10
59.0
 20
174.25
 10
57.2
 20
175.06
 10
57.2
 20
173.44
  0
LWPOLYLINE
  5
2B3
330
17
100
AcDbEntity
  8
FLOW
100
AcDbPolyline
 90
3
 70
1
 10
41.0
 20
181.75
 10
42.8
 20
180.94
 10
42.8
 20
182.56
  0
TEXT
  5
2B4
330
17
100
AcDbEntity
  8
TEXT
100
AcDbText
 10
50.0
 20
166.8875
 30
0.0
 40
2.7
  1
B1
  7
CN
 72
1
 11
50.0
 21
166.8875
 31
0.0
100
AcDbText
 73
2
  0
TEXT
  5
2B5
330
17
100
AcDbEntity
  8
TEXT
100
AcDbText
 10
50.0
 20
163.5125
 30
0.0
 40
2.7
  1
A2/O1
  7
CN
 72
1
 11
50.0
 21
163.5125
 31
0.0
100
AcDbText
 73
2
  0
LINE
  5
2B6
330
17
100
AcDbEntity
  8
COORD
100
AcDbLine
 10
48.8
 20
163.0
 30
0.0
 11
51.2
 21
163.0
 31
0.0
  0
LINE
  5
2B7
330
17
100
AcDbEntity
  8
COORD
100
AcDbLine
 10
50.0
 20
161.8
 30
0.0
 11
50.0
 21
164.2
 31
0.0
  0
TEXT
  5
2B8
330
17
100
AcDbEntity
  8
COORD
100
AcDbText
 10
50.0
 20
155.0
 30
0.0
 40
1.7
  1
(50,163)
  7
CN
 72
1
 11
50.0
 21
155.0
 31
0.0
100
AcDbText
 73
2
  0
LWPOLYLINE
  5
2B9
330
17
100
AcDbEntity
  8
ENVELOPE
100
AcDbPolyline
 90
4
 70
1
 10
112.5
 20
138.0
 10
187.5
 20
138.0
 10
187.5
 20
188.0
 10
112.5
 20
188.0
  0
LWPOLYLINE
  5
2BA
330
17
100
AcDbEntity
  8
STRUCT-OUT
100
AcDbPolyline
 90
4
 70
1
 10
115.0
 20
140.5
 10
185.0
 20
140.5
 10
185.0
 20
185.5
 10
115.0
 20
185.5
  0
LINE
  5
2BB
330
17
100
AcDbEntity
  8
STRUCT-IN
100
AcDbLine
 10
115.0
 20
148.0
 30
0.0
 11
185.0
 21
148.0
 31
0.0
  0
LINE
  5
2BC
330
17
100
AcDbEntity
  8
STRUCT-IN
100
AcDbLine
 10
115.0
 20
155.5
 30
0.0
 11
185.0
 21
155.5
 31
0.0
  0
LINE
  5
2BD
330
17
100
AcDbEntity
  8
STRUCT-IN
100
AcDbLine
 10
115.0
 20
163.0
 30
0.0
 11
185.0
 21
163.0
 31
0.0
  0
LINE
  5
2BE
330
17
100
AcDbEntity
  8
STRUCT-IN
100
AcDbLine
 10
115.0
 20
170.5
 30
0.0
 11
185.0
 21
170.5
 31
0.0
  0
LINE
  5
2BF
330
17
100
AcDbEntity
  8
STRUCT-IN
100
AcDbLine
 10
115.0
 20
178.0
 30
0.0
 11
185.0
 21
178.0
 31
0.0
  0
LWPOLYLINE
  5
2C0
330
17
100
AcDbEntity
  8
FLOW
100
AcDbPolyline
 90
3
 70
1
 10
159.0
 20
144.25
 10
157.2
 20
145.06
 10
157.2
 20
143.44
  0
LWPOLYLINE
  5
2C1
330
17
100
AcDbEntity
  8
FLOW
100
AcDbPolyline
 90
3
 70
1
 10
141.0
 20
151.75
 10
142.8
 20
150.94
 10
142.8
 20
152.56
  0
LWPOLYLINE
  5
2C2
330
17
100
AcDbEntity
  8
FLOW
100
AcDbPolyline
 90
3
 70
1
 10
159.0
 20
159.25
 10
157.2
 20
160.06
 10
157.2
 20
158.44
  0
LWPOLYLINE
  5
2C3
330
17
100
AcDbEntity
  8
FLOW
100
AcDbPolyline
 90
3
 70
1
 10
141.0
 20
166.75
 10
142.8
 20
165.94
 10
142.8
 20
167.56
  0
LWPOLYLINE
  5
2C4
330
17
100
AcDbEntity
  8
FLOW
100
AcDbPolyline
 90
3
 70
1
 10
159.0
 20
174.25
 10
157.2
 20
175.06
 10
157.2
 20
173.44
  0
LWPOLYLINE
  5
2C5
330
17
100
AcDbEntity
  8
FLOW
100
AcDbPolyline
 90
3
 70
1
 10
141.0
 20
181.75
 10
142.8
 20
180.94
 10
142.8
 20
182.56
  0
TEXT
  5
2C6
330
17
100
AcDbEntity
  8
TEXT
100
AcDbText
 10
150.0
 20
166.8875
 30
0.0
 40
2.7
  1
B2
  7
CN
 72
1
 11
150.0
 21
166.8875
 31
0.0
100
AcDbText
 73
2
  0
TEXT
  5
2C7
330
17
100
AcDbEntity
  8
TEXT
100
AcDbText
 10
150.0
 20
163.5125
 30
0.0
 40
2.7
  1
A2/O2
  7
CN
 72
1
 11
150.0
 21
163.5125
 31
0.0
100
AcDbText
 73
2
  0
LINE
  5
2C8
330
17
100
AcDbEntity
  8
COORD
100
AcDbLine
 10
148.8
 20
163.0
 30
0.0
 11
151.2
 21
163.0
 31
0.0
  0
LINE
  5
2C9
330
17
100
AcDbEntity
  8
COORD
100
AcDbLine
 10
150.0
 20
161.8
 30
0.0
 11
150.0
 21
164.2
 31
0.0
  0
TEXT
  5
2CA
330
17
100
AcDbEntity
  8
COORD
100
AcDbText
 10
150.0
 20
155.0
 30
0.0
 40
1.7
  1
(150,163)
  7
CN
 72
1
 11
150.0
 21
155.0
 31
0.0
100
AcDbText
 73
2
  0
LWPOLYLINE
  5
2CB
330
17
100
AcDbEntity
  8
ENVELOPE
100
AcDbPolyline
 90
4
 70
1
 10
212.5
 20
138.0
 10
287.5
 20
138.0
 10
287.5
 20
188.0
 10
212.5
 20
188.0
  0
LWPOLYLINE
  5
2CC
330
17
100
AcDbEntity
  8
STRUCT-OUT
100
AcDbPolyline
 90
4
 70
1
 10
215.0
 20
140.5
 10
285.0
 20
140.5
 10
285.0
 20
185.5
 10
215.0
 20
185.5
  0
LINE
  5
2CD
330
17
100
AcDbEntity
  8
STRUCT-IN
100
AcDbLine
 10
215.0
 20
148.0
 30
0.0
 11
285.0
 21
148.0
 31
0.0
  0
LINE
  5
2CE
330
17
100
AcDbEntity
  8
STRUCT-IN
100
AcDbLine
 10
215.0
 20
155.5
 30
0.0
 11
285.0
 21
155.5
 31
0.0
  0
LINE
  5
2CF
330
17
100
AcDbEntity
  8
STRUCT-IN
100
AcDbLine
 10
215.0
 20
163.0
 30
0.0
 11
285.0
 21
163.0
 31
0.0
  0
LINE
  5
2D0
330
17
100
AcDbEntity
  8
STRUCT-IN
100
AcDbLine
 10
215.0
 20
170.5
 30
0.0
 11
285.0
 21
170.5
 31
0.0
  0
LINE
  5
2D1
330
17
100
AcDbEntity
  8
STRUCT-IN
100
AcDbLine
 10
215.0
 20
178.0
 30
0.0
 11
285.0
 21
178.0
 31
0.0
  0
LWPOLYLINE
  5
2D2
330
17
100
AcDbEntity
  8
FLOW
100
AcDbPolyline
 90
3
 70
1
 10
259.0
 20
144.25
 10
257.2
 20
145.06
 10
257.2
 20
143.44
  0
LWPOLYLINE
  5
2D3
330
17
100
AcDbEntity
  8
FLOW
100
AcDbPolyline
 90
3
 70
1
 10
241.0
 20
151.75
 10
242.8
 20
150.94
 10
242.8
 20
152.56
  0
LWPOLYLINE
  5
2D4
330
17
100
AcDbEntity
  8
FLOW
100
AcDbPolyline
 90
3
 70
1
 10
259.0
 20
159.25
 10
257.2
 20
160.06
 10
257.2
 20
158.44
  0
LWPOLYLINE
  5
2D5
330
17
100
AcDbEntity
  8
FLOW
100
AcDbPolyline
 90
3
 70
1
 10
241.0
 20
166.75
 10
242.8
 20
165.94
 10
242.8
 20
167.56
  0
LWPOLYLINE
  5
2D6
330
17
100
AcDbEntity
  8
FLOW
100
AcDbPolyline
 90
3
 70
1
 10
259.0
 20
174.25
 10
257.2
 20
175.06
 10
257.2
 20
173.44
  0
LWPOLYLINE
  5
2D7
330
17
100
AcDbEntity
  8
FLOW
100
AcDbPolyline
 90
3
 70
1
 10
241.0
 20
181.75
 10
242.8
 20
180.94
 10
242.8
 20
182.56
  0
TEXT
  5
2D8
330
17
100
AcDbEntity
  8
TEXT
100
AcDbText
 10
250.0
 20
166.8875
 30
0.0
 40
2.7
  1
B3
  7
CN
 72
1
 11
250.0
 21
166.8875
 31
0.0
100
AcDbText
 73
2
  0
TEXT
  5
2D9
330
17
100
AcDbEntity
  8
TEXT
100
AcDbText
 10
250.0
 20
163.5125
 30
0.0
 40
2.7
  1
A2/O3
  7
CN
 72
1
 11
250.0
 21
163.5125
 31
0.0
100
AcDbText
 73
2
  0
LINE
  5
2DA
330
17
100
AcDbEntity
  8
COORD
100
AcDbLine
 10
248.8
 20
163.0
 30
0.0
 11
251.2
 21
163.0
 31
0.0
  0
LINE
  5
2DB
330
17
100
AcDbEntity
  8
COORD
100
AcDbLine
 10
250.0
 20
161.8
 30
0.0
 11
250.0
 21
164.2
 31
0.0
  0
TEXT
  5
2DC
330
17
100
AcDbEntity
  8
COORD
100
AcDbText
 10
250.0
 20
155.0
 30
0.0
 40
1.7
  1
(250,163)
  7
CN
 72
1
 11
250.0
 21
155.0
 31
0.0
100
AcDbText
 73
2
  0
LWPOLYLINE
  5
2DD
330
17
100
AcDbEntity
  8
ENVELOPE
100
AcDbPolyline
 90
4
 70
1
 10
312.5
 20
138.0
 10
387.5
 20
138.0
 10
387.5
 20
188.0
 10
312.5
 20
188.0
  0
LWPOLYLINE
  5
2DE
330
17
100
AcDbEntity
  8
STRUCT-OUT
100
AcDbPolyline
 90
4
 70
1
 10
315.0
 20
140.5
 10
385.0
 20
140.5
 10
385.0
 20
185.5
 10
315.0
 20
185.5
  0
LINE
  5
2DF
330
17
100
AcDbEntity
  8
STRUCT-IN
100
AcDbLine
 10
315.0
 20
148.0
 30
0.0
 11
385.0
 21
148.0
 31
0.0
  0
LINE
  5
2E0
330
17
100
AcDbEntity
  8
STRUCT-IN
100
AcDbLine
 10
315.0
 20
155.5
 30
0.0
 11
385.0
 21
155.5
 31
0.0
  0
LINE
  5
2E1
330
17
100
AcDbEntity
  8
STRUCT-IN
100
AcDbLine
 10
315.0
 20
163.0
 30
0.0
 11
385.0
 21
163.0
 31
0.0
  0
LINE
  5
2E2
330
17
100
AcDbEntity
  8
STRUCT-IN
100
AcDbLine
 10
315.0
 20
170.5
 30
0.0
 11
385.0
 21
170.5
 31
0.0
  0
LINE
  5
2E3
330
17
100
AcDbEntity
  8
STRUCT-IN
100
AcDbLine
 10
315.0
 20
178.0
 30
0.0
 11
385.0
 21
178.0
 31
0.0
  0
LWPOLYLINE
  5
2E4
330
17
100
AcDbEntity
  8
FLOW
100
AcDbPolyline
 90
3
 70
1
 10
359.0
 20
144.25
 10
357.2
 20
145.06
 10
357.2
 20
143.44
  0
LWPOLYLINE
  5
2E5
330
17
100
AcDbEntity
  8
FLOW
100
AcDbPolyline
 90
3
 70
1
 10
341.0
 20
151.75
 10
342.8
 20
150.94
 10
342.8
 20
152.56
  0
LWPOLYLINE
  5
2E6
330
17
100
AcDbEntity
  8
FLOW
100
AcDbPolyline
 90
3
 70
1
 10
359.0
 20
159.25
 10
357.2
 20
160.06
 10
357.2
 20
158.44
  0
LWPOLYLINE
  5
2E7
330
17
100
AcDbEntity
  8
FLOW
100
AcDbPolyline
 90
3
 70
1
 10
341.0
 20
166.75
 10
342.8
 20
165.94
 10
342.8
 20
167.56
  0
LWPOLYLINE
  5
2E8
330
17
100
AcDbEntity
  8
FLOW
100
AcDbPolyline
 90
3
 70
1
 10
359.0
 20
174.25
 10
357.2
 20
175.06
 10
357.2
 20
173.44
  0
LWPOLYLINE
  5
2E9
330
17
100
AcDbEntity
  8
FLOW
100
AcDbPolyline
 90
3
 70
1
 10
341.0
 20
181.75
 10
342.8
 20
180.94
 10
342.8
 20
182.56
  0
TEXT
  5
2EA
330
17
100
AcDbEntity
  8
TEXT
100
AcDbText
 10
350.0
 20
166.8875
 30
0.0
 40
2.7
  1
B4
  7
CN
 72
1
 11
350.0
 21
166.8875
 31
0.0
100
AcDbText
 73
2
  0
TEXT
  5
2EB
330
17
100
AcDbEntity
  8
TEXT
100
AcDbText
 10
350.0
 20
163.5125
 30
0.0
 40
2.7
  1
A2/O4
  7
CN
 72
1
 11
350.0
 21
163.5125
 31
0.0
100
AcDbText
 73
2
  0
LINE
  5
2EC
330
17
100
AcDbEntity
  8
COORD
100
AcDbLine
 10
348.8
 20
163.0
 30
0.0
 11
351.2
 21
163.0
 31
0.0
  0
LINE
  5
2ED
330
17
100
AcDbEntity
  8
COORD
100
AcDbLine
 10
350.0
 20
161.8
 30
0.0
 11
350.0
 21
164.2
 31
0.0
  0
TEXT
  5
2EE
330
17
100
AcDbEntity
  8
COORD
100
AcDbText
 10
350.0
 20
155.0
 30
0.0
 40
1.7
  1
(350,163)
  7
CN
 72
1
 11
350.0
 21
155.0
 31
0.0
100
AcDbText
 73
2
  0
LWPOLYLINE
  5
2EF
330
17
100
AcDbEntity
  8
ENVELOPE
100
AcDbPolyline
 90
4
 70
1
 10
91.0
 20
118.0
 10
109.0
 20
118.0
 10
109.0
 20
130.0
 10
91.0
 20
130.0
  0
LWPOLYLINE
  5
2F0
330
17
100
AcDbEntity
  8
STRUCT-OUT
100
AcDbPolyline
 90
4
 70
1
 10
92.44
 20
119.44
 10
107.56
 20
119.44
 10
107.56
 20
128.56
 10
92.44
 20
128.56
  0
TEXT
  5
2F1
330
17
100
AcDbEntity
  8
TEXT
100
AcDbText
 10
100.0
 20
125.725
 30
0.0
 40
1.8
  1
DWA
  7
CN
 72
1
 11
100.0
 21
125.725
 31
0.0
100
AcDbText
 73
2
  0
TEXT
  5
2F2
330
17
100
AcDbEntity
  8
TEXT
100
AcDbText
 10
100.0
 20
123.475
 30
0.0
 40
1.8
  1
二沉配水井A
  7
CN
 72
1
 11
100.0
 21
123.475
 31
0.0
100
AcDbText
 73
2
  0
LINE
  5
2F3
330
17
100
AcDbEntity
  8
COORD
100
AcDbLine
 10
98.8
 20
124.0
 30
0.0
 11
101.2
 21
124.0
 31
0.0
  0
LINE
  5
2F4
330
17
100
AcDbEntity
  8
COORD
100
AcDbLine
 10
100.0
 20
122.8
 30
0.0
 11
100.0
 21
125.2
 31
0.0
  0
LWPOLYLINE
  5
2F5
330
17
100
AcDbEntity
  8
ENVELOPE
100
AcDbPolyline
 90
4
 70
1
 10
291.0
 20
118.0
 10
309.0
 20
118.0
 10
309.0
 20
130.0
 10
291.0
 20
130.0
  0
LWPOLYLINE
  5
2F6
330
17
100
AcDbEntity
  8
STRUCT-OUT
100
AcDbPolyline
 90
4
 70
1
 10
292.44
 20
119.44
 10
307.56
 20
119.44
 10
307.56
 20
128.56
 10
292.44
 20
128.56
  0
TEXT
  5
2F7
330
17
100
AcDbEntity
  8
TEXT
100
AcDbText
 10
300.0
 20
125.725
 30
0.0
 40
1.8
  1
DWB
  7
CN
 72
1
 11
300.0
 21
125.725
 31
0.0
100
AcDbText
 73
2
  0
TEXT
  5
2F8
330
17
100
AcDbEntity
  8
TEXT
100
AcDbText
 10
300.0
 20
123.475
 30
0.0
 40
1.8
  1
二沉配水井B
  7
CN
 72
1
 11
300.0
 21
123.475
 31
0.0
100
AcDbText
 73
2
  0
LINE
  5
2F9
330
17
100
AcDbEntity
  8
COORD
100
AcDbLine
 10
298.8
 20
124.0
 30
0.0
 11
301.2
 21
124.0
 31
0.0
  0
LINE
  5
2FA
330
17
100
AcDbEntity
  8
COORD
100
AcDbLine
 10
300.0
 20
122.8
 30
0.0
 11
300.0
 21
125.2
 31
0.0
  0
LWPOLYLINE
  5
2FB
330
17
100
AcDbEntity
  8
ENVELOPE
100
AcDbPolyline
 90
4
 70
1
 10
176.0
 20
116.0
 10
224.0
 20
116.0
 10
224.0
 20
134.0
 10
176.0
 20
134.0
  0
LWPOLYLINE
  5
2FC
330
17
100
AcDbEntity
  8
STRUCT-OUT
100
AcDbPolyline
 90
4
 70
1
 10
179.84
 20
118.16
 10
220.16
 20
118.16
 10
220.16
 20
131.84
 10
179.84
 20
131.84
  0
TEXT
  5
2FD
330
17
100
AcDbEntity
  8
TEXT
100
AcDbText
 10
200.0
 20
126.725
 30
0.0
 40
1.8
  1
AIR
  7
CN
 72
1
 11
200.0
 21
126.725
 31
0.0
100
AcDbText
 73
2
  0
TEXT
  5
2FE
330
17
100
AcDbEntity
  8
TEXT
100
AcDbText
 10
200.0
 20
124.475
 30
0.0
 40
1.8
  1
鼓风机房
  7
CN
 72
1
 11
200.0
 21
124.475
 31
0.0
100
AcDbText
 73
2
  0
LINE
  5
2FF
330
17
100
AcDbEntity
  8
COORD
100
AcDbLine
 10
198.8
 20
125.0
 30
0.0
 11
201.2
 21
125.0
 31
0.0
  0
LINE
  5
300
330
17
100
AcDbEntity
  8
COORD
100
AcDbLine
 10
200.0
 20
123.8
 30
0.0
 11
200.0
 21
126.2
 31
0.0
  0
LWPOLYLINE
  5
301
330
17
100
AcDbEntity
  8
ENVELOPE
100
AcDbPolyline
 90
4
 70
1
 10
330.0
 20
116.0
 10
372.0
 20
116.0
 10
372.0
 20
134.0
 10
330.0
 20
134.0
  0
LWPOLYLINE
  5
302
330
17
100
AcDbEntity
  8
STRUCT-OUT
100
AcDbPolyline
 90
4
 70
1
 10
333.36
 20
118.16
 10
368.64
 20
118.16
 10
368.64
 20
131.84
 10
333.36
 20
131.84
  0
TEXT
  5
303
330
17
100
AcDbEntity
  8
TEXT
100
AcDbText
 10
351.0
 20
126.725
 30
0.0
 40
1.8
  1
CHEM
  7
CN
 72
1
 11
351.0
 21
126.725
 31
0.0
100
AcDbText
 73
2
  0
TEXT
  5
304
330
17
100
AcDbEntity
  8
TEXT
100
AcDbText
 10
351.0
 20
124.475
 30
0.0
 40
1.8
  1
碳源/除磷加药间
  7
CN
 72
1
 11
351.0
 21
124.475
 31
0.0
100
AcDbText
 73
2
  0
LINE
  5
305
330
17
100
AcDbEntity
  8
COORD
100
AcDbLine
 10
349.8
 20
125.0
 30
0.0
 11
352.2
 21
125.0
 31
0.0
  0
LINE
  5
306
330
17
100
AcDbEntity
  8
COORD
100
AcDbLine
 10
351.0
 20
123.8
 30
0.0
 11
351.0
 21
126.2
 31
0.0
  0
LWPOLYLINE
  5
307
330
17
100
AcDbEntity
  8
ENVELOPE
100
AcDbPolyline
 90
4
 70
1
 10
30.0
 20
18.0
 10
106.0
 20
18.0
 10
106.0
 20
40.0
 10
30.0
 20
40.0
  0
LWPOLYLINE
  5
308
330
17
100
AcDbEntity
  8
STRUCT-OUT
100
AcDbPolyline
 90
4
 70
1
 10
36.08
 20
20.64
 10
99.92
 20
20.64
 10
99.92
 20
37.36
 10
36.08
 20
37.36
  0
TEXT
  5
309
330
17
100
AcDbEntity
  8
TEXT
100
AcDbText
 10
68.0
 20
32.8875
 30
0.0
 40
2.7
  1
ADMIN
  7
CN
 72
1
 11
68.0
 21
32.8875
 31
0.0
100
AcDbText
 73
2
  0
TEXT
  5
30A
330
17
100
AcDbEntity
  8
TEXT
100
AcDbText
 10
68.0
 20
29.512500000000003
 30
0.0
 40
2.7
  1
管理/化验
  7
CN
 72
1
 11
68.0
 21
29.512500000000003
 31
0.0
100
AcDbText
 73
2
  0
LINE
  5
30B
330
17
100
AcDbEntity
  8
COORD
100
AcDbLine
 10
66.8
 20
29.0
 30
0.0
 11
69.2
 21
29.0
 31
0.0
  0
LINE
  5
30C
330
17
100
AcDbEntity
  8
COORD
100
AcDbLine
 10
68.0
 20
27.8
 30
0.0
 11
68.0
 21
30.2
 31
0.0
  0
TEXT
  5
30D
330
17
100
AcDbEntity
  8
COORD
100
AcDbText
 10
68.0
 20
21.0
 30
0.0
 40
1.7
  1
(68,29)
  7
CN
 72
1
 11
68.0
 21
21.0
 31
0.0
100
AcDbText
 73
2
  0
LWPOLYLINE
  5
30E
330
17
100
AcDbEntity
  8
ENVELOPE
100
AcDbPolyline
 90
4
 70
1
 10
116.0
 20
18.0
 10
160.0
 20
18.0
 10
160.0
 20
40.0
 10
116.0
 20
40.0
  0
LWPOLYLINE
  5
30F
330
17
100
AcDbEntity
  8
STRUCT-OUT
100
AcDbPolyline
 90
4
 70
1
 10
119.52
 20
20.64
 10
156.48
 20
20.64
 10
156.48
 20
37.36
 10
119.52
 20
37.36
  0
TEXT
  5
310
330
17
100
AcDbEntity
  8
TEXT
100
AcDbText
 10
138.0
 20
32.8875
 30
0.0
 40
2.7
  1
MAINT
  7
CN
 72
1
 11
138.0
 21
32.8875
 31
0.0
100
AcDbText
 73
2
  0
TEXT
  5
311
330
17
100
AcDbEntity
  8
TEXT
100
AcDbText
 10
138.0
 20
29.512500000000003
 30
0.0
 40
2.7
  1
维修/配电
  7
CN
 72
1
 11
138.0
 21
29.512500000000003
 31
0.0
100
AcDbText
 73
2
  0
LINE
  5
312
330
17
100
AcDbEntity
  8
COORD
100
AcDbLine
 10
136.8
 20
29.0
 30
0.0
 11
139.2
 21
29.0
 31
0.0
  0
LINE
  5
313
330
17
100
AcDbEntity
  8
COORD
100
AcDbLine
 10
138.0
 20
27.8
 30
0.0
 11
138.0
 21
30.2
 31
0.0
  0
TEXT
  5
314
330
17
100
AcDbEntity
  8
COORD
100
AcDbText
 10
138.0
 20
21.0
 30
0.0
 40
1.7
  1
(138,29)
  7
CN
 72
1
 11
138.0
 21
21.0
 31
0.0
100
AcDbText
 73
2
  0
LWPOLYLINE
  5
315
330
17
100
AcDbEntity
  8
ENVELOPE
100
AcDbPolyline
 90
4
 70
1
 10
232.0
 20
18.0
 10
266.0
 20
18.0
 10
266.0
 20
40.0
 10
232.0
 20
40.0
  0
LWPOLYLINE
  5
316
330
17
100
AcDbEntity
  8
STRUCT-OUT
100
AcDbPolyline
 90
4
 70
1
 10
234.72
 20
20.64
 10
263.28
 20
20.64
 10
263.28
 20
37.36
 10
234.72
 20
37.36
  0
TEXT
  5
317
330
17
100
AcDbEntity
  8
TEXT
100
AcDbText
 10
249.0
 20
32.8875
 30
0.0
 40
2.7
  1
NAOCL
  7
CN
 72
1
 11
249.0
 21
32.8875
 31
0.0
100
AcDbText
 73
2
  0
TEXT
  5
318
330
17
100
AcDbEntity
  8
TEXT
100
AcDbText
 10
249.0
 20
29.512500000000003
 30
0.0
 40
2.7
  1
次氯酸钠储存加药
  7
CN
 72
1
 11
249.0
 21
29.512500000000003
 31
0.0
100
AcDbText
 73
2
  0
LINE
  5
319
330
17
100
AcDbEntity
  8
COORD
100
AcDbLine
 10
247.8
 20
29.0
 30
0.0
 11
250.2
 21
29.0
 31
0.0
  0
LINE
  5
31A
330
17
100
AcDbEntity
  8
COORD
100
AcDbLine
 10
249.0
 20
27.8
 30
0.0
 11
249.0
 21
30.2
 31
0.0
  0
TEXT
  5
31B
330
17
100
AcDbEntity
  8
COORD
100
AcDbText
 10
249.0
 20
21.0
 30
0.0
 40
1.7
  1
(249,29)
  7
CN
 72
1
 11
249.0
 21
21.0
 31
0.0
100
AcDbText
 73
2
  0
LWPOLYLINE
  5
31C
330
17
100
AcDbEntity
  8
ENVELOPE
100
AcDbPolyline
 90
4
 70
1
 10
274.0
 20
17.0
 10
324.0
 20
17.0
 10
324.0
 20
40.0
 10
274.0
 20
40.0
  0
LWPOLYLINE
  5
31D
330
17
100
AcDbEntity
  8
STRUCT-OUT
100
AcDbPolyline
 90
4
 70
1
 10
276.5
 20
20.5
 10
321.5
 20
20.5
 10
321.5
 20
36.5
 10
276.5
 20
36.5
  0
LINE
  5
31E
330
17
100
AcDbEntity
  8
STRUCT-IN
100
AcDbLine
 10
284.5
 20
21.25
 30
0.0
 11
284.5
 21
35.75
 31
0.0
  0
LINE
  5
31F
330
17
100
AcDbEntity
  8
STRUCT-IN
100
AcDbLine
 10
313.5
 20
21.25
 30
0.0
 11
313.5
 21
35.75
 31
0.0
  0
TEXT
  5
320
330
17
100
AcDbEntity
  8
TEXT
100
AcDbText
 10
299.0
 20
32.3875
 30
0.0
 40
2.7
  1
CT
  7
CN
 72
1
 11
299.0
 21
32.3875
 31
0.0
100
AcDbText
 73
2
  0
TEXT
  5
321
330
17
100
AcDbEntity
  8
TEXT
100
AcDbText
 10
299.0
 20
29.012500000000003
 30
0.0
 40
2.7
  1
折流接触池
  7
CN
 72
1
 11
299.0
 21
29.012500000000003
 31
0.0
100
AcDbText
 73
2
  0
LINE
  5
322
330
17
100
AcDbEntity
  8
COORD
100
AcDbLine
 10
297.8
 20
28.5
 30
0.0
 11
300.2
 21
28.5
 31
0.0
  0
LINE
  5
323
330
17
100
AcDbEntity
  8
COORD
100
AcDbLine
 10
299.0
 20
27.3
 30
0.0
 11
299.0
 21
29.7
 31
0.0
  0
TEXT
  5
324
330
17
100
AcDbEntity
  8
COORD
100
AcDbText
 10
299.0
 20
20.5
 30
0.0
 40
1.7
  1
(299,28.5)
  7
CN
 72
1
 11
299.0
 21
20.5
 31
0.0
100
AcDbText
 73
2
  0
LWPOLYLINE
  5
325
330
17
100
AcDbEntity
  8
ENVELOPE
100
AcDbPolyline
 90
4
 70
1
 10
330.0
 20
18.0
 10
346.0
 20
18.0
 10
346.0
 20
40.0
 10
330.0
 20
40.0
  0
LWPOLYLINE
  5
326
330
17
100
AcDbEntity
  8
STRUCT-OUT
100
AcDbPolyline
 90
4
 70
1
 10
331.28
 20
20.64
 10
344.72
 20
20.64
 10
344.72
 20
37.36
 10
331.28
 20
37.36
  0
LINE
  5
327
330
17
100
AcDbEntity
  8
STRUCT-IN
100
AcDbLine
 10
338.0
 20
21.0
 30
0.0
 11
338.0
 21
37.0
 31
0.0
  0
TEXT
  5
328
330
17
100
AcDbEntity
  8
TEXT
100
AcDbText
 10
338.0
 20
23.0
 30
0.0
 40
1.6
  1
2×喉宽1.50
  7
CN
 72
1
 11
338.0
 21
23.0
 31
0.0
100
AcDbText
 73
2
  0
TEXT
  5
329
330
17
100
AcDbEntity
  8
TEXT
100
AcDbText
 10
338.0
 20
32.8875
 30
0.0
 40
2.7
  1
METER
  7
CN
 72
1
 11
338.0
 21
32.8875
 31
0.0
100
AcDbText
 73
2
  0
TEXT
  5
32A
330
17
100
AcDbEntity
  8
TEXT
100
AcDbText
 10
338.0
 20
29.512500000000003
 30
0.0
 40
2.7
  1
计量/控制井
  7
CN
 72
1
 11
338.0
 21
29.512500000000003
 31
0.0
100
AcDbText
 73
2
  0
LINE
  5
32B
330
17
100
AcDbEntity
  8
COORD
100
AcDbLine
 10
336.8
 20
29.0
 30
0.0
 11
339.2
 21
29.0
 31
0.0
  0
LINE
  5
32C
330
17
100
AcDbEntity
  8
COORD
100
AcDbLine
 10
338.0
 20
27.8
 30
0.0
 11
338.0
 21
30.2
 31
0.0
  0
TEXT
  5
32D
330
17
100
AcDbEntity
  8
COORD
100
AcDbText
 10
338.0
 20
21.0
 30
0.0
 40
1.7
  1
(338,29)
  7
CN
 72
1
 11
338.0
 21
21.0
 31
0.0
100
AcDbText
 73
2
  0
LWPOLYLINE
  5
32E
330
17
100
AcDbEntity
  8
ZONE-A
100
AcDbPolyline
 90
4
 70
1
 10
20.0
 20
266.0
 10
160.0
 20
266.0
 10
160.0
 20
286.0
 10
20.0
 20
286.0
  0
TEXT
  5
32F
330
17
100
AcDbEntity
  8
TEXT
100
AcDbText
 10
90.0
 20
277.875
 30
0.0
 40
3.0
  1
FUT
  7
CN
 72
1
 11
90.0
 21
277.875
 31
0.0
100
AcDbText
 73
2
  0
TEXT
  5
330
330
17
100
AcDbEntity
  8
TEXT
100
AcDbText
 10
90.0
 20
274.125
 30
0.0
 40
3.0
  1
连续发展用地
  7
CN
 72
1
 11
90.0
 21
274.125
 31
0.0
100
AcDbText
 73
2
  0
TEXT
  5
331
330
17
100
AcDbEntity
  8
COORD
100
AcDbText
 10
90.0
 20
270.0
 30
0.0
 40
2.1
  1
140×20 m
  7
CN
 72
1
 11
90.0
 21
270.0
 31
0.0
100
AcDbText
 73
2
  0
CIRCLE
  5
332
330
17
100
AcDbEntity
  8
ENVELOPE
100
AcDbCircle
 10
34.0
 20
80.0
 30
0.0
 40
21.0
  0
CIRCLE
  5
333
330
17
100
AcDbEntity
  8
STRUCT-OUT
100
AcDbCircle
 10
34.0
 20
80.0
 30
0.0
 40
18.5
  0
CIRCLE
  5
334
330
17
100
AcDbEntity
  8
STRUCT-IN
100
AcDbCircle
 10
34.0
 20
80.0
 30
0.0
 40
3.0
  0
LINE
  5
335
330
17
100
AcDbEntity
  8
STRUCT-IN
100
AcDbLine
 10
34.0
 20
80.0
 30
0.0
 11
52.5
 21
80.0
 31
0.0
  0
TEXT
  5
336
330
17
100
AcDbEntity
  8
TEXT
100
AcDbText
 10
34.0
 20
84.0
 30
0.0
 40
2.8
  1
T1
  7
CN
 72
1
 11
34.0
 21
84.0
 31
0.0
100
AcDbText
 73
2
  0
TEXT
  5
337
330
17
100
AcDbEntity
  8
TEXT
100
AcDbText
 10
34.0
 20
76.0
 30
0.0
 40
2.0
  1
二沉池 D37
  7
CN
 72
1
 11
34.0
 21
76.0
 31
0.0
100
AcDbText
 73
2
  0
TEXT
  5
338
330
17
100
AcDbEntity
  8
COORD
100
AcDbText
 10
34.0
 20
71.5
 30
0.0
 40
1.6
  1
(34,80)
  7
CN
 72
1
 11
34.0
 21
71.5
 31
0.0
100
AcDbText
 73
2
  0
LINE
  5
339
330
17
100
AcDbEntity
  8
COORD
100
AcDbLine
 10
32.8
 20
80.0
 30
0.0
 11
35.2
 21
80.0
 31
0.0
  0
LINE
  5
33A
330
17
100
AcDbEntity
  8
COORD
100
AcDbLine
 10
34.0
 20
78.8
 30
0.0
 11
34.0
 21
81.2
 31
0.0
  0
CIRCLE
  5
33B
330
17
100
AcDbEntity
  8
ENVELOPE
100
AcDbCircle
 10
78.0
 20
80.0
 30
0.0
 40
21.0
  0
CIRCLE
  5
33C
330
17
100
AcDbEntity
  8
STRUCT-OUT
100
AcDbCircle
 10
78.0
 20
80.0
 30
0.0
 40
18.5
  0
CIRCLE
  5
33D
330
17
100
AcDbEntity
  8
STRUCT-IN
100
AcDbCircle
 10
78.0
 20
80.0
 30
0.0
 40
3.0
  0
LINE
  5
33E
330
17
100
AcDbEntity
  8
STRUCT-IN
100
AcDbLine
 10
78.0
 20
80.0
 30
0.0
 11
96.5
 21
80.0
 31
0.0
  0
TEXT
  5
33F
330
17
100
AcDbEntity
  8
TEXT
100
AcDbText
 10
78.0
 20
84.0
 30
0.0
 40
2.8
  1
T2
  7
CN
 72
1
 11
78.0
 21
84.0
 31
0.0
100
AcDbText
 73
2
  0
TEXT
  5
340
330
17
100
AcDbEntity
  8
TEXT
100
AcDbText
 10
78.0
 20
76.0
 30
0.0
 40
2.0
  1
二沉池 D37
  7
CN
 72
1
 11
78.0
 21
76.0
 31
0.0
100
AcDbText
 73
2
  0
TEXT
  5
341
330
17
100
AcDbEntity
  8
COORD
100
AcDbText
 10
78.0
 20
71.5
 30
0.0
 40
1.6
  1
(78,80)
  7
CN
 72
1
 11
78.0
 21
71.5
 31
0.0
100
AcDbText
 73
2
  0
LINE
  5
342
330
17
100
AcDbEntity
  8
COORD
100
AcDbLine
 10
76.8
 20
80.0
 30
0.0
 11
79.2
 21
80.0
 31
0.0
  0
LINE
  5
343
330
17
100
AcDbEntity
  8
COORD
100
AcDbLine
 10
78.0
 20
78.8
 30
0.0
 11
78.0
 21
81.2
 31
0.0
  0
CIRCLE
  5
344
330
17
100
AcDbEntity
  8
ENVELOPE
100
AcDbCircle
 10
122.0
 20
80.0
 30
0.0
 40
21.0
  0
CIRCLE
  5
345
330
17
100
AcDbEntity
  8
STRUCT-OUT
100
AcDbCircle
 10
122.0
 20
80.0
 30
0.0
 40
18.5
  0
CIRCLE
  5
346
330
17
100
AcDbEntity
  8
STRUCT-IN
100
AcDbCircle
 10
122.0
 20
80.0
 30
0.0
 40
3.0
  0
LINE
  5
347
330
17
100
AcDbEntity
  8
STRUCT-IN
100
AcDbLine
 10
122.0
 20
80.0
 30
0.0
 11
140.5
 21
80.0
 31
0.0
  0
TEXT
  5
348
330
17
100
AcDbEntity
  8
TEXT
100
AcDbText
 10
122.0
 20
84.0
 30
0.0
 40
2.8
  1
T3
  7
CN
 72
1
 11
122.0
 21
84.0
 31
0.0
100
AcDbText
 73
2
  0
TEXT
  5
349
330
17
100
AcDbEntity
  8
TEXT
100
AcDbText
 10
122.0
 20
76.0
 30
0.0
 40
2.0
  1
二沉池 D37
  7
CN
 72
1
 11
122.0
 21
76.0
 31
0.0
100
AcDbText
 73
2
  0
TEXT
  5
34A
330
17
100
AcDbEntity
  8
COORD
100
AcDbText
 10
122.0
 20
71.5
 30
0.0
 40
1.6
  1
(122,80)
  7
CN
 72
1
 11
122.0
 21
71.5
 31
0.0
100
AcDbText
 73
2
  0
LINE
  5
34B
330
17
100
AcDbEntity
  8
COORD
100
AcDbLine
 10
120.8
 20
80.0
 30
0.0
 11
123.2
 21
80.0
 31
0.0
  0
LINE
  5
34C
330
17
100
AcDbEntity
  8
COORD
100
AcDbLine
 10
122.0
 20
78.8
 30
0.0
 11
122.0
 21
81.2
 31
0.0
  0
CIRCLE
  5
34D
330
17
100
AcDbEntity
  8
ENVELOPE
100
AcDbCircle
 10
166.0
 20
80.0
 30
0.0
 40
21.0
  0
CIRCLE
  5
34E
330
17
100
AcDbEntity
  8
STRUCT-OUT
100
AcDbCircle
 10
166.0
 20
80.0
 30
0.0
 40
18.5
  0
CIRCLE
  5
34F
330
17
100
AcDbEntity
  8
STRUCT-IN
100
AcDbCircle
 10
166.0
 20
80.0
 30
0.0
 40
3.0
  0
LINE
  5
350
330
17
100
AcDbEntity
  8
STRUCT-IN
100
AcDbLine
 10
166.0
 20
80.0
 30
0.0
 11
184.5
 21
80.0
 31
0.0
  0
TEXT
  5
351
330
17
100
AcDbEntity
  8
TEXT
100
AcDbText
 10
166.0
 20
84.0
 30
0.0
 40
2.8
  1
T4
  7
CN
 72
1
 11
166.0
 21
84.0
 31
0.0
100
AcDbText
 73
2
  0
TEXT
  5
352
330
17
100
AcDbEntity
  8
TEXT
100
AcDbText
 10
166.0
 20
76.0
 30
0.0
 40
2.0
  1
二沉池 D37
  7
CN
 72
1
 11
166.0
 21
76.0
 31
0.0
100
AcDbText
 73
2
  0
TEXT
  5
353
330
17
100
AcDbEntity
  8
COORD
100
AcDbText
 10
166.0
 20
71.5
 30
0.0
 40
1.6
  1
(166,80)
  7
CN
 72
1
 11
166.0
 21
71.5
 31
0.0
100
AcDbText
 73
2
  0
LINE
  5
354
330
17
100
AcDbEntity
  8
COORD
100
AcDbLine
 10
164.8
 20
80.0
 30
0.0
 11
167.2
 21
80.0
 31
0.0
  0
LINE
  5
355
330
17
100
AcDbEntity
  8
COORD
100
AcDbLine
 10
166.0
 20
78.8
 30
0.0
 11
166.0
 21
81.2
 31
0.0
  0
CIRCLE
  5
356
330
17
100
AcDbEntity
  8
ENVELOPE
100
AcDbCircle
 10
234.0
 20
80.0
 30
0.0
 40
21.0
  0
CIRCLE
  5
357
330
17
100
AcDbEntity
  8
STRUCT-OUT
100
AcDbCircle
 10
234.0
 20
80.0
 30
0.0
 40
18.5
  0
CIRCLE
  5
358
330
17
100
AcDbEntity
  8
STRUCT-IN
100
AcDbCircle
 10
234.0
 20
80.0
 30
0.0
 40
3.0
  0
LINE
  5
359
330
17
100
AcDbEntity
  8
STRUCT-IN
100
AcDbLine
 10
234.0
 20
80.0
 30
0.0
 11
252.5
 21
80.0
 31
0.0
  0
TEXT
  5
35A
330
17
100
AcDbEntity
  8
TEXT
100
AcDbText
 10
234.0
 20
84.0
 30
0.0
 40
2.8
  1
T5
  7
CN
 72
1
 11
234.0
 21
84.0
 31
0.0
100
AcDbText
 73
2
  0
TEXT
  5
35B
330
17
100
AcDbEntity
  8
TEXT
100
AcDbText
 10
234.0
 20
76.0
 30
0.0
 40
2.0
  1
二沉池 D37
  7
CN
 72
1
 11
234.0
 21
76.0
 31
0.0
100
AcDbText
 73
2
  0
TEXT
  5
35C
330
17
100
AcDbEntity
  8
COORD
100
AcDbText
 10
234.0
 20
71.5
 30
0.0
 40
1.6
  1
(234,80)
  7
CN
 72
1
 11
234.0
 21
71.5
 31
0.0
100
AcDbText
 73
2
  0
LINE
  5
35D
330
17
100
AcDbEntity
  8
COORD
100
AcDbLine
 10
232.8
 20
80.0
 30
0.0
 11
235.2
 21
80.0
 31
0.0
  0
LINE
  5
35E
330
17
100
AcDbEntity
  8
COORD
100
AcDbLine
 10
234.0
 20
78.8
 30
0.0
 11
234.0
 21
81.2
 31
0.0
  0
CIRCLE
  5
35F
330
17
100
AcDbEntity
  8
ENVELOPE
100
AcDbCircle
 10
278.0
 20
80.0
 30
0.0
 40
21.0
  0
CIRCLE
  5
360
330
17
100
AcDbEntity
  8
STRUCT-OUT
100
AcDbCircle
 10
278.0
 20
80.0
 30
0.0
 40
18.5
  0
CIRCLE
  5
361
330
17
100
AcDbEntity
  8
STRUCT-IN
100
AcDbCircle
 10
278.0
 20
80.0
 30
0.0
 40
3.0
  0
LINE
  5
362
330
17
100
AcDbEntity
  8
STRUCT-IN
100
AcDbLine
 10
278.0
 20
80.0
 30
0.0
 11
296.5
 21
80.0
 31
0.0
  0
TEXT
  5
363
330
17
100
AcDbEntity
  8
TEXT
100
AcDbText
 10
278.0
 20
84.0
 30
0.0
 40
2.8
  1
T6
  7
CN
 72
1
 11
278.0
 21
84.0
 31
0.0
100
AcDbText
 73
2
  0
TEXT
  5
364
330
17
100
AcDbEntity
  8
TEXT
100
AcDbText
 10
278.0
 20
76.0
 30
0.0
 40
2.0
  1
二沉池 D37
  7
CN
 72
1
 11
278.0
 21
76.0
 31
0.0
100
AcDbText
 73
2
  0
TEXT
  5
365
330
17
100
AcDbEntity
  8
COORD
100
AcDbText
 10
278.0
 20
71.5
 30
0.0
 40
1.6
  1
(278,80)
  7
CN
 72
1
 11
278.0
 21
71.5
 31
0.0
100
AcDbText
 73
2
  0
LINE
  5
366
330
17
100
AcDbEntity
  8
COORD
100
AcDbLine
 10
276.8
 20
80.0
 30
0.0
 11
279.2
 21
80.0
 31
0.0
  0
LINE
  5
367
330
17
100
AcDbEntity
  8
COORD
100
AcDbLine
 10
278.0
 20
78.8
 30
0.0
 11
278.0
 21
81.2
 31
0.0
  0
CIRCLE
  5
368
330
17
100
AcDbEntity
  8
ENVELOPE
100
AcDbCircle
 10
322.0
 20
80.0
 30
0.0
 40
21.0
  0
CIRCLE
  5
369
330
17
100
AcDbEntity
  8
STRUCT-OUT
100
AcDbCircle
 10
322.0
 20
80.0
 30
0.0
 40
18.5
  0
CIRCLE
  5
36A
330
17
100
AcDbEntity
  8
STRUCT-IN
100
AcDbCircle
 10
322.0
 20
80.0
 30
0.0
 40
3.0
  0
LINE
  5
36B
330
17
100
AcDbEntity
  8
STRUCT-IN
100
AcDbLine
 10
322.0
 20
80.0
 30
0.0
 11
340.5
 21
80.0
 31
0.0
  0
TEXT
  5
36C
330
17
100
AcDbEntity
  8
TEXT
100
AcDbText
 10
322.0
 20
84.0
 30
0.0
 40
2.8
  1
T7
  7
CN
 72
1
 11
322.0
 21
84.0
 31
0.0
100
AcDbText
 73
2
  0
TEXT
  5
36D
330
17
100
AcDbEntity
  8
TEXT
100
AcDbText
 10
322.0
 20
76.0
 30
0.0
 40
2.0
  1
二沉池 D37
  7
CN
 72
1
 11
322.0
 21
76.0
 31
0.0
100
AcDbText
 73
2
  0
TEXT
  5
36E
330
17
100
AcDbEntity
  8
COORD
100
AcDbText
 10
322.0
 20
71.5
 30
0.0
 40
1.6
  1
(322,80)
  7
CN
 72
1
 11
322.0
 21
71.5
 31
0.0
100
AcDbText
 73
2
  0
LINE
  5
36F
330
17
100
AcDbEntity
  8
COORD
100
AcDbLine
 10
320.8
 20
80.0
 30
0.0
 11
323.2
 21
80.0
 31
0.0
  0
LINE
  5
370
330
17
100
AcDbEntity
  8
COORD
100
AcDbLine
 10
322.0
 20
78.8
 30
0.0
 11
322.0
 21
81.2
 31
0.0
  0
CIRCLE
  5
371
330
17
100
AcDbEntity
  8
ENVELOPE
100
AcDbCircle
 10
366.0
 20
80.0
 30
0.0
 40
21.0
  0
CIRCLE
  5
372
330
17
100
AcDbEntity
  8
STRUCT-OUT
100
AcDbCircle
 10
366.0
 20
80.0
 30
0.0
 40
18.5
  0
CIRCLE
  5
373
330
17
100
AcDbEntity
  8
STRUCT-IN
100
AcDbCircle
 10
366.0
 20
80.0
 30
0.0
 40
3.0
  0
LINE
  5
374
330
17
100
AcDbEntity
  8
STRUCT-IN
100
AcDbLine
 10
366.0
 20
80.0
 30
0.0
 11
384.5
 21
80.0
 31
0.0
  0
TEXT
  5
375
330
17
100
AcDbEntity
  8
TEXT
100
AcDbText
 10
366.0
 20
84.0
 30
0.0
 40
2.8
  1
T8
  7
CN
 72
1
 11
366.0
 21
84.0
 31
0.0
100
AcDbText
 73
2
  0
TEXT
  5
376
330
17
100
AcDbEntity
  8
TEXT
100
AcDbText
 10
366.0
 20
76.0
 30
0.0
 40
2.0
  1
二沉池 D37
  7
CN
 72
1
 11
366.0
 21
76.0
 31
0.0
100
AcDbText
 73
2
  0
TEXT
  5
377
330
17
100
AcDbEntity
  8
COORD
100
AcDbText
 10
366.0
 20
71.5
 30
0.0
 40
1.6
  1
(366,80)
  7
CN
 72
1
 11
366.0
 21
71.5
 31
0.0
100
AcDbText
 73
2
  0
LINE
  5
378
330
17
100
AcDbEntity
  8
COORD
100
AcDbLine
 10
364.8
 20
80.0
 30
0.0
 11
367.2
 21
80.0
 31
0.0
  0
LINE
  5
379
330
17
100
AcDbEntity
  8
COORD
100
AcDbLine
 10
366.0
 20
78.8
 30
0.0
 11
366.0
 21
81.2
 31
0.0
  0
LWPOLYLINE
  5
37A
330
17
100
AcDbEntity
  8
W-MAIN
100
AcDbPolyline
 90
2
 70
0
 10
360.0
 20
305.0
 10
360.0
 20
286.0
  0
LWPOLYLINE
  5
37B
330
17
100
AcDbEntity
  8
W-MAIN
100
AcDbPolyline
 90
3
 70
1
 10
360.0
 20
292.65
 10
360.99
 20
294.84999999999997
 10
359.01
 20
294.84999999999997
  0
TEXT
  5
37C
330
17
100
AcDbEntity
  8
W-MAIN
100
AcDbText
 10
340.0
 20
303.0
 30
0.0
 40
2.1
  1
北界进水 DN1200
  7
CN
 72
1
 11
340.0
 21
303.0
 31
0.0
100
AcDbText
 73
2
  0
LWPOLYLINE
  5
37D
330
17
100
AcDbEntity
  8
W-MAIN
100
AcDbPolyline
 90
2
 70
0
 10
360.0
 20
278.0
 10
360.0
 20
274.0
  0
LWPOLYLINE
  5
37E
330
17
100
AcDbEntity
  8
W-MAIN
100
AcDbPolyline
 90
3
 70
1
 10
360.0
 20
275.4
 10
360.99
 20
277.59999999999997
 10
359.01
 20
277.59999999999997
  0
LWPOLYLINE
  5
37F
330
17
100
AcDbEntity
  8
W-MAIN
100
AcDbPolyline
 90
2
 70
0
 10
348.0
 20
262.0
 10
338.0
 20
262.0
  0
LWPOLYLINE
  5
380
330
17
100
AcDbEntity
  8
W-MAIN
100
AcDbPolyline
 90
3
 70
1
 10
341.5
 20
262.0
 10
343.7
 20
261.01
 10
343.7
 20
262.99
  0
LWPOLYLINE
  5
381
330
17
100
AcDbEntity
  8
W-MAIN
100
AcDbPolyline
 90
3
 70
0
 10
310.0
 20
261.0
 10
286.0
 20
261.0
 10
286.0
 20
274.0
  0
LWPOLYLINE
  5
382
330
17
100
AcDbEntity
  8
W-MAIN
100
AcDbPolyline
 90
3
 70
1
 10
294.4
 20
261.0
 10
296.59999999999997
 20
260.01
 10
296.59999999999997
 20
261.99
  0
LWPOLYLINE
  5
383
330
17
100
AcDbEntity
  8
W-MAIN
100
AcDbPolyline
 90
3
 70
1
 10
286.0
 20
269.45
 10
285.01
 20
267.25
 10
286.99
 20
267.25
  0
TEXT
  5
384
330
17
100
AcDbEntity
  8
W-MAIN
100
AcDbText
 10
296.0
 20
265.0
 30
0.0
 40
2.1
  1
泵后双线
  7
CN
 72
1
 11
296.0
 21
265.0
 31
0.0
100
AcDbText
 73
2
  0
LWPOLYLINE
  5
385
330
17
100
AcDbEntity
  8
W-MAIN
100
AcDbPolyline
 90
2
 70
0
 10
286.0
 20
274.0
 10
224.0
 20
274.0
  0
LWPOLYLINE
  5
386
330
17
100
AcDbEntity
  8
W-MAIN
100
AcDbPolyline
 90
3
 70
1
 10
245.7
 20
274.0
 10
247.89999999999998
 20
273.01
 10
247.89999999999998
 20
274.99
  0
TEXT
  5
387
330
17
100
AcDbEntity
  8
W-MAIN
100
AcDbText
 10
246.0
 20
277.0
 30
0.0
 40
2.1
  1
A线
  7
CN
 72
1
 11
246.0
 21
277.0
 31
0.0
100
AcDbText
 73
2
  0
LWPOLYLINE
  5
388
330
17
100
AcDbEntity
  8
W-MAIN
100
AcDbPolyline
 90
2
 70
0
 10
286.0
 20
274.0
 10
274.0
 20
274.0
  0
LWPOLYLINE
  5
389
330
17
100
AcDbEntity
  8
W-MAIN
100
AcDbPolyline
 90
3
 70
1
 10
278.2
 20
274.0
 10
280.4
 20
273.01
 10
280.4
 20
274.99
  0
TEXT
  5
38A
330
17
100
AcDbEntity
  8
W-MAIN
100
AcDbText
 10
280.0
 20
270.8
 30
0.0
 40
2.1
  1
B线
  7
CN
 72
1
 11
280.0
 21
270.8
 31
0.0
100
AcDbText
 73
2
  0
LWPOLYLINE
  5
38B
330
17
100
AcDbEntity
  8
W-MAIN
100
AcDbPolyline
 90
3
 70
0
 10
190.0
 20
274.0
 10
100.0
 20
274.0
 10
100.0
 20
264.0
  0
LWPOLYLINE
  5
38C
330
17
100
AcDbEntity
  8
W-MAIN
100
AcDbPolyline
 90
3
 70
1
 10
131.5
 20
274.0
 10
133.7
 20
273.01
 10
133.7
 20
274.99
  0
LWPOLYLINE
  5
38D
330
17
100
AcDbEntity
  8
W-MAIN
100
AcDbPolyline
 90
3
 70
1
 10
100.0
 20
267.5
 10
100.99
 20
269.7
 10
99.01
 20
269.7
  0
TEXT
  5
38E
330
17
100
AcDbEntity
  8
W-MAIN
100
AcDbText
 10
145.0
 20
277.0
 30
0.0
 40
2.1
  1
A DN1200
  7
CN
 72
1
 11
145.0
 21
277.0
 31
0.0
100
AcDbText
 73
2
  0
LWPOLYLINE
  5
38F
330
17
100
AcDbEntity
  8
W-MAIN
100
AcDbPolyline
 90
3
 70
0
 10
274.0
 20
274.0
 10
300.0
 20
274.0
 10
300.0
 20
264.0
  0
LWPOLYLINE
  5
390
330
17
100
AcDbEntity
  8
W-MAIN
100
AcDbPolyline
 90
3
 70
1
 10
290.9
 20
274.0
 10
288.7
 20
274.99
 10
288.7
 20
273.01
  0
LWPOLYLINE
  5
391
330
17
100
AcDbEntity
  8
W-MAIN
100
AcDbPolyline
 90
3
 70
1
 10
300.0
 20
267.5
 10
300.99
 20
269.7
 10
299.01
 20
269.7
  0
TEXT
  5
392
330
17
100
AcDbEntity
  8
W-MAIN
100
AcDbText
 10
300.0
 20
277.0
 30
0.0
 40
2.1
  1
B DN1200
  7
CN
 72
1
 11
300.0
 21
277.0
 31
0.0
100
AcDbText
 73
2
  0
LWPOLYLINE
  5
393
330
17
100
AcDbEntity
  8
W-MAIN
100
AcDbPolyline
 90
4
 70
0
 10
100.0
 20
254.0
 10
100.0
 20
248.0
 10
50.0
 20
248.0
 10
50.0
 20
236.0
  0
LWPOLYLINE
  5
394
330
17
100
AcDbEntity
  8
W-MAIN
100
AcDbPolyline
 90
3
 70
1
 10
67.5
 20
248.0
 10
69.7
 20
247.01
 10
69.7
 20
248.99
  0
LWPOLYLINE
  5
395
330
17
100
AcDbEntity
  8
W-MAIN
100
AcDbPolyline
 90
3
 70
1
 10
50.0
 20
240.2
 10
50.99
 20
242.39999999999998
 10
49.01
 20
242.39999999999998
  0
LWPOLYLINE
  5
396
330
17
100
AcDbEntity
  8
W-MAIN
100
AcDbPolyline
 90
3
 70
0
 10
100.0
 20
248.0
 10
150.0
 20
248.0
 10
150.0
 20
236.0
  0
LWPOLYLINE
  5
397
330
17
100
AcDbEntity
  8
W-MAIN
100
AcDbPolyline
 90
3
 70
1
 10
132.5
 20
248.0
 10
130.3
 20
248.99
 10
130.3
 20
247.01
  0
LWPOLYLINE
  5
398
330
17
100
AcDbEntity
  8
W-MAIN
100
AcDbPolyline
 90
3
 70
1
 10
150.0
 20
240.2
 10
150.99
 20
242.39999999999998
 10
149.01
 20
242.39999999999998
  0
TEXT
  5
399
330
17
100
AcDbEntity
  8
W-MAIN
100
AcDbText
 10
125.0
 20
251.0
 30
0.0
 40
2.1
  1
至单池 DN900
  7
CN
 72
1
 11
125.0
 21
251.0
 31
0.0
100
AcDbText
 73
2
  0
LWPOLYLINE
  5
39A
330
17
100
AcDbEntity
  8
W-MAIN
100
AcDbPolyline
 90
4
 70
0
 10
300.0
 20
254.0
 10
300.0
 20
248.0
 10
250.0
 20
248.0
 10
250.0
 20
236.0
  0
LWPOLYLINE
  5
39B
330
17
100
AcDbEntity
  8
W-MAIN
100
AcDbPolyline
 90
3
 70
1
 10
267.5
 20
248.0
 10
269.7
 20
247.01
 10
269.7
 20
248.99
  0
LWPOLYLINE
  5
39C
330
17
100
AcDbEntity
  8
W-MAIN
100
AcDbPolyline
 90
3
 70
1
 10
250.0
 20
240.2
 10
250.99
 20
242.39999999999998
 10
249.01
 20
242.39999999999998
  0
LWPOLYLINE
  5
39D
330
17
100
AcDbEntity
  8
W-MAIN
100
AcDbPolyline
 90
3
 70
0
 10
300.0
 20
248.0
 10
350.0
 20
248.0
 10
350.0
 20
236.0
  0
LWPOLYLINE
  5
39E
330
17
100
AcDbEntity
  8
W-MAIN
100
AcDbPolyline
 90
3
 70
1
 10
332.5
 20
248.0
 10
330.3
 20
248.99
 10
330.3
 20
247.01
  0
LWPOLYLINE
  5
39F
330
17
100
AcDbEntity
  8
W-MAIN
100
AcDbPolyline
 90
3
 70
1
 10
350.0
 20
240.2
 10
350.99
 20
242.39999999999998
 10
349.01
 20
242.39999999999998
  0
TEXT
  5
3A0
330
17
100
AcDbEntity
  8
W-MAIN
100
AcDbText
 10
325.0
 20
251.0
 30
0.0
 40
2.1
  1
至单池 DN900
  7
CN
 72
1
 11
325.0
 21
251.0
 31
0.0
100
AcDbText
 73
2
  0
LWPOLYLINE
  5
3A1
330
17
100
AcDbEntity
  8
W-MAIN
100
AcDbPolyline
 90
2
 70
0
 10
50.0
 20
216.0
 10
50.0
 20
188.0
  0
LWPOLYLINE
  5
3A2
330
17
100
AcDbEntity
  8
W-MAIN
100
AcDbPolyline
 90
3
 70
1
 10
50.0
 20
197.8
 10
50.99
 20
200.0
 10
49.01
 20
200.0
  0
LWPOLYLINE
  5
3A3
330
17
100
AcDbEntity
  8
W-MAIN
100
AcDbPolyline
 90
2
 70
0
 10
150.0
 20
216.0
 10
150.0
 20
188.0
  0
LWPOLYLINE
  5
3A4
330
17
100
AcDbEntity
  8
W-MAIN
100
AcDbPolyline
 90
3
 70
1
 10
150.0
 20
197.8
 10
150.99
 20
200.0
 10
149.01
 20
200.0
  0
LWPOLYLINE
  5
3A5
330
17
100
AcDbEntity
  8
W-MAIN
100
AcDbPolyline
 90
2
 70
0
 10
250.0
 20
216.0
 10
250.0
 20
188.0
  0
LWPOLYLINE
  5
3A6
330
17
100
AcDbEntity
  8
W-MAIN
100
AcDbPolyline
 90
3
 70
1
 10
250.0
 20
197.8
 10
250.99
 20
200.0
 10
249.01
 20
200.0
  0
LWPOLYLINE
  5
3A7
330
17
100
AcDbEntity
  8
W-MAIN
100
AcDbPolyline
 90
2
 70
0
 10
350.0
 20
216.0
 10
350.0
 20
188.0
  0
LWPOLYLINE
  5
3A8
330
17
100
AcDbEntity
  8
W-MAIN
100
AcDbPolyline
 90
3
 70
1
 10
350.0
 20
197.8
 10
350.99
 20
200.0
 10
349.01
 20
200.0
  0
LWPOLYLINE
  5
3A9
330
17
100
AcDbEntity
  8
W-MAIN
100
AcDbPolyline
 90
4
 70
0
 10
50.0
 20
138.0
 10
50.0
 20
134.0
 10
100.0
 20
134.0
 10
100.0
 20
130.0
  0
LWPOLYLINE
  5
3AA
330
17
100
AcDbEntity
  8
W-MAIN
100
AcDbPolyline
 90
3
 70
1
 10
82.5
 20
134.0
 10
80.3
 20
134.99
 10
80.3
 20
133.01
  0
LWPOLYLINE
  5
3AB
330
17
100
AcDbEntity
  8
W-MAIN
100
AcDbPolyline
 90
3
 70
1
 10
100.0
 20
131.4
 10
100.99
 20
133.6
 10
99.01
 20
133.6
  0
LWPOLYLINE
  5
3AC
330
17
100
AcDbEntity
  8
W-MAIN
100
AcDbPolyline
 90
3
 70
0
 10
150.0
 20
138.0
 10
150.0
 20
134.0
 10
100.0
 20
134.0
  0
LWPOLYLINE
  5
3AD
330
17
100
AcDbEntity
  8
W-MAIN
100
AcDbPolyline
 90
3
 70
1
 10
117.5
 20
134.0
 10
119.7
 20
133.01
 10
119.7
 20
134.99
  0
LWPOLYLINE
  5
3AE
330
17
100
AcDbEntity
  8
W-MAIN
100
AcDbPolyline
 90
4
 70
0
 10
250.0
 20
138.0
 10
250.0
 20
134.0
 10
300.0
 20
134.0
 10
300.0
 20
130.0
  0
LWPOLYLINE
  5
3AF
330
17
100
AcDbEntity
  8
W-MAIN
100
AcDbPolyline
 90
3
 70
1
 10
282.5
 20
134.0
 10
280.3
 20
134.99
 10
280.3
 20
133.01
  0
LWPOLYLINE
  5
3B0
330
17
100
AcDbEntity
  8
W-MAIN
100
AcDbPolyline
 90
3
 70
1
 10
300.0
 20
131.4
 10
300.99
 20
133.6
 10
299.01
 20
133.6
  0
LWPOLYLINE
  5
3B1
330
17
100
AcDbEntity
  8
W-MAIN
100
AcDbPolyline
 90
3
 70
0
 10
350.0
 20
138.0
 10
350.0
 20
134.0
 10
300.0
 20
134.0
  0
LWPOLYLINE
  5
3B2
330
17
100
AcDbEntity
  8
W-MAIN
100
AcDbPolyline
 90
3
 70
1
 10
317.5
 20
134.0
 10
319.7
 20
133.01
 10
319.7
 20
134.99
  0
LWPOLYLINE
  5
3B3
330
17
100
AcDbEntity
  8
W-MAIN
100
AcDbPolyline
 90
3
 70
0
 10
100.0
 20
118.0
 10
100.0
 20
105.0
 10
34.0
 20
105.0
  0
LWPOLYLINE
  5
3B4
330
17
100
AcDbEntity
  8
W-MAIN
100
AcDbPolyline
 90
3
 70
1
 10
100.0
 20
109.55
 10
100.99
 20
111.75
 10
99.01
 20
111.75
  0
LWPOLYLINE
  5
3B5
330
17
100
AcDbEntity
  8
W-MAIN
100
AcDbPolyline
 90
3
 70
1
 10
57.1
 20
105.0
 10
59.300000000000004
 20
104.01
 10
59.300000000000004
 20
105.99
  0
TEXT
  5
3B6
330
17
100
AcDbEntity
  8
W-MAIN
100
AcDbText
 10
72.0
 20
108.0
 30
0.0
 40
2.1
  1
A配水 DN900
  7
CN
 72
1
 11
72.0
 21
108.0
 31
0.0
100
AcDbText
 73
2
  0
LWPOLYLINE
  5
3B7
330
17
100
AcDbEntity
  8
W-MAIN
100
AcDbPolyline
 90
2
 70
0
 10
34.0
 20
105.0
 10
34.0
 20
101.0
  0
LWPOLYLINE
  5
3B8
330
17
100
AcDbEntity
  8
W-MAIN
100
AcDbPolyline
 90
3
 70
1
 10
34.0
 20
102.4
 10
34.99
 20
104.60000000000001
 10
33.01
 20
104.60000000000001
  0
LWPOLYLINE
  5
3B9
330
17
100
AcDbEntity
  8
W-MAIN
100
AcDbPolyline
 90
3
 70
0
 10
100.0
 20
105.0
 10
78.0
 20
105.0
 10
78.0
 20
101.0
  0
LWPOLYLINE
  5
3BA
330
17
100
AcDbEntity
  8
W-MAIN
100
AcDbPolyline
 90
3
 70
1
 10
78.0
 20
102.4
 10
78.99
 20
104.60000000000001
 10
77.01
 20
104.60000000000001
  0
LWPOLYLINE
  5
3BB
330
17
100
AcDbEntity
  8
W-MAIN
100
AcDbPolyline
 90
3
 70
0
 10
100.0
 20
105.0
 10
122.0
 20
105.0
 10
122.0
 20
101.0
  0
LWPOLYLINE
  5
3BC
330
17
100
AcDbEntity
  8
W-MAIN
100
AcDbPolyline
 90
3
 70
1
 10
122.0
 20
102.4
 10
122.99
 20
104.60000000000001
 10
121.01
 20
104.60000000000001
  0
LWPOLYLINE
  5
3BD
330
17
100
AcDbEntity
  8
W-MAIN
100
AcDbPolyline
 90
3
 70
0
 10
100.0
 20
105.0
 10
166.0
 20
105.0
 10
166.0
 20
101.0
  0
LWPOLYLINE
  5
3BE
330
17
100
AcDbEntity
  8
W-MAIN
100
AcDbPolyline
 90
3
 70
1
 10
166.0
 20
102.4
 10
166.99
 20
104.60000000000001
 10
165.01
 20
104.60000000000001
  0
LWPOLYLINE
  5
3BF
330
17
100
AcDbEntity
  8
W-MAIN
100
AcDbPolyline
 90
3
 70
0
 10
300.0
 20
118.0
 10
300.0
 20
105.0
 10
234.0
 20
105.0
  0
LWPOLYLINE
  5
3C0
330
17
100
AcDbEntity
  8
W-MAIN
100
AcDbPolyline
 90
3
 70
1
 10
300.0
 20
109.55
 10
300.99
 20
111.75
 10
299.01
 20
111.75
  0
LWPOLYLINE
  5
3C1
330
17
100
AcDbEntity
  8
W-MAIN
100
AcDbPolyline
 90
3
 70
1
 10
257.1
 20
105.0
 10
259.3
 20
104.01
 10
259.3
 20
105.99
  0
TEXT
  5
3C2
330
17
100
AcDbEntity
  8
W-MAIN
100
AcDbText
 10
272.0
 20
108.0
 30
0.0
 40
2.1
  1
B配水 DN900
  7
CN
 72
1
 11
272.0
 21
108.0
 31
0.0
100
AcDbText
 73
2
  0
LWPOLYLINE
  5
3C3
330
17
100
AcDbEntity
  8
W-MAIN
100
AcDbPolyline
 90
2
 70
0
 10
234.0
 20
105.0
 10
234.0
 20
101.0
  0
LWPOLYLINE
  5
3C4
330
17
100
AcDbEntity
  8
W-MAIN
100
AcDbPolyline
 90
3
 70
1
 10
234.0
 20
102.4
 10
234.99
 20
104.60000000000001
 10
233.01
 20
104.60000000000001
  0
LWPOLYLINE
  5
3C5
330
17
100
AcDbEntity
  8
W-MAIN
100
AcDbPolyline
 90
3
 70
0
 10
300.0
 20
105.0
 10
278.0
 20
105.0
 10
278.0
 20
101.0
  0
LWPOLYLINE
  5
3C6
330
17
100
AcDbEntity
  8
W-MAIN
100
AcDbPolyline
 90
3
 70
1
 10
278.0
 20
102.4
 10
278.99
 20
104.60000000000001
 10
277.01
 20
104.60000000000001
  0
LWPOLYLINE
  5
3C7
330
17
100
AcDbEntity
  8
W-MAIN
100
AcDbPolyline
 90
3
 70
0
 10
300.0
 20
105.0
 10
322.0
 20
105.0
 10
322.0
 20
101.0
  0
LWPOLYLINE
  5
3C8
330
17
100
AcDbEntity
  8
W-MAIN
100
AcDbPolyline
 90
3
 70
1
 10
322.0
 20
102.4
 10
322.99
 20
104.60000000000001
 10
321.01
 20
104.60000000000001
  0
LWPOLYLINE
  5
3C9
330
17
100
AcDbEntity
  8
W-MAIN
100
AcDbPolyline
 90
3
 70
0
 10
300.0
 20
105.0
 10
366.0
 20
105.0
 10
366.0
 20
101.0
  0
LWPOLYLINE
  5
3CA
330
17
100
AcDbEntity
  8
W-MAIN
100
AcDbPolyline
 90
3
 70
1
 10
366.0
 20
102.4
 10
366.99
 20
104.60000000000001
 10
365.01
 20
104.60000000000001
  0
LWPOLYLINE
  5
3CB
330
17
100
AcDbEntity
  8
W-MAIN
100
AcDbPolyline
 90
2
 70
0
 10
34.0
 20
59.0
 10
34.0
 20
52.0
  0
LWPOLYLINE
  5
3CC
330
17
100
AcDbEntity
  8
W-MAIN
100
AcDbPolyline
 90
3
 70
1
 10
34.0
 20
54.45
 10
34.99
 20
56.650000000000006
 10
33.01
 20
56.650000000000006
  0
LWPOLYLINE
  5
3CD
330
17
100
AcDbEntity
  8
W-MAIN
100
AcDbPolyline
 90
2
 70
0
 10
78.0
 20
59.0
 10
78.0
 20
52.0
  0
LWPOLYLINE
  5
3CE
330
17
100
AcDbEntity
  8
W-MAIN
100
AcDbPolyline
 90
3
 70
1
 10
78.0
 20
54.45
 10
78.99
 20
56.650000000000006
 10
77.01
 20
56.650000000000006
  0
LWPOLYLINE
  5
3CF
330
17
100
AcDbEntity
  8
W-MAIN
100
AcDbPolyline
 90
2
 70
0
 10
122.0
 20
59.0
 10
122.0
 20
52.0
  0
LWPOLYLINE
  5
3D0
330
17
100
AcDbEntity
  8
W-MAIN
100
AcDbPolyline
 90
3
 70
1
 10
122.0
 20
54.45
 10
122.99
 20
56.650000000000006
 10
121.01
 20
56.650000000000006
  0
LWPOLYLINE
  5
3D1
330
17
100
AcDbEntity
  8
W-MAIN
100
AcDbPolyline
 90
2
 70
0
 10
166.0
 20
59.0
 10
166.0
 20
52.0
  0
LWPOLYLINE
  5
3D2
330
17
100
AcDbEntity
  8
W-MAIN
100
AcDbPolyline
 90
3
 70
1
 10
166.0
 20
54.45
 10
166.99
 20
56.650000000000006
 10
165.01
 20
56.650000000000006
  0
LWPOLYLINE
  5
3D3
330
17
100
AcDbEntity
  8
W-MAIN
100
AcDbPolyline
 90
2
 70
0
 10
234.0
 20
59.0
 10
234.0
 20
52.0
  0
LWPOLYLINE
  5
3D4
330
17
100
AcDbEntity
  8
W-MAIN
100
AcDbPolyline
 90
3
 70
1
 10
234.0
 20
54.45
 10
234.99
 20
56.650000000000006
 10
233.01
 20
56.650000000000006
  0
LWPOLYLINE
  5
3D5
330
17
100
AcDbEntity
  8
W-MAIN
100
AcDbPolyline
 90
2
 70
0
 10
278.0
 20
59.0
 10
278.0
 20
52.0
  0
LWPOLYLINE
  5
3D6
330
17
100
AcDbEntity
  8
W-MAIN
100
AcDbPolyline
 90
3
 70
1
 10
278.0
 20
54.45
 10
278.99
 20
56.650000000000006
 10
277.01
 20
56.650000000000006
  0
LWPOLYLINE
  5
3D7
330
17
100
AcDbEntity
  8
W-MAIN
100
AcDbPolyline
 90
2
 70
0
 10
322.0
 20
59.0
 10
322.0
 20
52.0
  0
LWPOLYLINE
  5
3D8
330
17
100
AcDbEntity
  8
W-MAIN
100
AcDbPolyline
 90
3
 70
1
 10
322.0
 20
54.45
 10
322.99
 20
56.650000000000006
 10
321.01
 20
56.650000000000006
  0
LWPOLYLINE
  5
3D9
330
17
100
AcDbEntity
  8
W-MAIN
100
AcDbPolyline
 90
2
 70
0
 10
366.0
 20
59.0
 10
366.0
 20
52.0
  0
LWPOLYLINE
  5
3DA
330
17
100
AcDbEntity
  8
W-MAIN
100
AcDbPolyline
 90
3
 70
1
 10
366.0
 20
54.45
 10
366.99
 20
56.650000000000006
 10
365.01
 20
56.650000000000006
  0
LWPOLYLINE
  5
3DB
330
17
100
AcDbEntity
  8
W-MAIN
100
AcDbPolyline
 90
2
 70
0
 10
34.0
 20
52.0
 10
200.0
 20
52.0
  0
LWPOLYLINE
  5
3DC
330
17
100
AcDbEntity
  8
W-MAIN
100
AcDbPolyline
 90
3
 70
1
 10
141.9
 20
52.0
 10
139.70000000000002
 20
52.99
 10
139.70000000000002
 20
51.01
  0
TEXT
  5
3DD
330
17
100
AcDbEntity
  8
W-MAIN
100
AcDbText
 10
105.0
 20
55.0
 30
0.0
 40
2.1
  1
A出水汇流 DN1200
  7
CN
 72
1
 11
105.0
 21
55.0
 31
0.0
100
AcDbText
 73
2
  0
LWPOLYLINE
  5
3DE
330
17
100
AcDbEntity
  8
W-MAIN
100
AcDbPolyline
 90
2
 70
0
 10
366.0
 20
52.0
 10
200.0
 20
52.0
  0
LWPOLYLINE
  5
3DF
330
17
100
AcDbEntity
  8
W-MAIN
100
AcDbPolyline
 90
3
 70
1
 10
258.1
 20
52.0
 10
260.3
 20
51.01
 10
260.3
 20
52.99
  0
TEXT
  5
3E0
330
17
100
AcDbEntity
  8
W-MAIN
100
AcDbText
 10
295.0
 20
55.0
 30
0.0
 40
2.1
  1
B出水汇流 DN1200
  7
CN
 72
1
 11
295.0
 21
55.0
 31
0.0
100
AcDbText
 73
2
  0
LWPOLYLINE
  5
3E1
330
17
100
AcDbEntity
  8
W-MAIN
100
AcDbPolyline
 90
4
 70
0
 10
200.0
 20
52.0
 10
260.0
 20
52.0
 10
260.0
 20
28.5
 10
274.0
 20
28.5
  0
LWPOLYLINE
  5
3E2
330
17
100
AcDbEntity
  8
W-MAIN
100
AcDbPolyline
 90
3
 70
1
 10
239.0
 20
52.0
 10
236.8
 20
52.99
 10
236.8
 20
51.01
  0
LWPOLYLINE
  5
3E3
330
17
100
AcDbEntity
  8
W-MAIN
100
AcDbPolyline
 90
3
 70
1
 10
260.0
 20
36.725
 10
260.99
 20
38.925000000000004
 10
259.01
 20
38.925000000000004
  0
LWPOLYLINE
  5
3E4
330
17
100
AcDbEntity
  8
W-MAIN
100
AcDbPolyline
 90
3
 70
1
 10
269.1
 20
28.5
 10
266.90000000000003
 20
29.49
 10
266.90000000000003
 20
27.51
  0
TEXT
  5
3E5
330
17
100
AcDbEntity
  8
W-MAIN
100
AcDbText
 10
235.0
 20
55.0
 30
0.0
 40
2.1
  1
汇合后
  7
CN
 72
1
 11
235.0
 21
55.0
 31
0.0
100
AcDbText
 73
2
  0
LWPOLYLINE
  5
3E6
330
17
100
AcDbEntity
  8
W-MAIN
100
AcDbPolyline
 90
2
 70
0
 10
324.0
 20
28.5
 10
330.0
 20
28.5
  0
LWPOLYLINE
  5
3E7
330
17
100
AcDbEntity
  8
W-MAIN
100
AcDbPolyline
 90
3
 70
1
 10
327.9
 20
28.5
 10
325.7
 20
29.49
 10
325.7
 20
27.51
  0
LWPOLYLINE
  5
3E8
330
17
100
AcDbEntity
  8
W-MAIN
100
AcDbPolyline
 90
2
 70
0
 10
346.0
 20
29.0
 10
405.0
 20
29.0
  0
LWPOLYLINE
  5
3E9
330
17
100
AcDbEntity
  8
W-MAIN
100
AcDbPolyline
 90
3
 70
1
 10
384.35
 20
29.0
 10
382.15000000000003
 20
29.99
 10
382.15000000000003
 20
28.01
  0
TEXT
  5
3EA
330
17
100
AcDbEntity
  8
W-MAIN
100
AcDbText
 10
373.0
 20
33.0
 30
0.0
 40
2.1
  1
东厂界出水 DN1500
  7
CN
 72
1
 11
373.0
 21
33.0
 31
0.0
100
AcDbText
 73
2
  0
LWPOLYLINE
  5
3EB
330
17
100
AcDbEntity
  8
RAS
100
AcDbPolyline
 90
4
 70
0
 10
100.0
 20
130.0
 10
100.0
 20
191.0
 10
12.5
 20
191.0
 10
12.5
 20
163.0
  0
LWPOLYLINE
  5
3EC
330
17
100
AcDbEntity
  8
RAS
100
AcDbPolyline
 90
3
 70
1
 10
43.125
 20
191.0
 10
45.325
 20
190.01
 10
45.325
 20
191.99
  0
LWPOLYLINE
  5
3ED
330
17
100
AcDbEntity
  8
RAS
100
AcDbPolyline
 90
3
 70
1
 10
12.5
 20
172.8
 10
13.49
 20
175.0
 10
11.51
 20
175.0
  0
TEXT
  5
3EE
330
17
100
AcDbEntity
  8
RAS
100
AcDbText
 10
58.0
 20
194.0
 30
0.0
 40
2.1
  1
RAS-A
  7
CN
 72
1
 11
58.0
 21
194.0
 31
0.0
100
AcDbText
 73
2
  0
LWPOLYLINE
  5
3EF
330
17
100
AcDbEntity
  8
RAS
100
AcDbPolyline
 90
3
 70
0
 10
100.0
 20
191.0
 10
187.5
 20
191.0
 10
187.5
 20
163.0
  0
LWPOLYLINE
  5
3F0
330
17
100
AcDbEntity
  8
RAS
100
AcDbPolyline
 90
3
 70
1
 10
156.875
 20
191.0
 10
154.675
 20
191.99
 10
154.675
 20
190.01
  0
LWPOLYLINE
  5
3F1
330
17
100
AcDbEntity
  8
RAS
100
AcDbPolyline
 90
3
 70
1
 10
187.5
 20
172.8
 10
188.49
 20
175.0
 10
186.51
 20
175.0
  0
LWPOLYLINE
  5
3F2
330
17
100
AcDbEntity
  8
RAS
100
AcDbPolyline
 90
4
 70
0
 10
300.0
 20
130.0
 10
300.0
 20
191.0
 10
212.5
 20
191.0
 10
212.5
 20
163.0
  0
LWPOLYLINE
  5
3F3
330
17
100
AcDbEntity
  8
RAS
100
AcDbPolyline
 90
3
 70
1
 10
243.125
 20
191.0
 10
245.325
 20
190.01
 10
245.325
 20
191.99
  0
LWPOLYLINE
  5
3F4
330
17
100
AcDbEntity
  8
RAS
100
AcDbPolyline
 90
3
 70
1
 10
212.5
 20
172.8
 10
213.49
 20
175.0
 10
211.51
 20
175.0
  0
TEXT
  5
3F5
330
17
100
AcDbEntity
  8
RAS
100
AcDbText
 10
258.0
 20
194.0
 30
0.0
 40
2.1
  1
RAS-B
  7
CN
 72
1
 11
258.0
 21
194.0
 31
0.0
100
AcDbText
 73
2
  0
LWPOLYLINE
  5
3F6
330
17
100
AcDbEntity
  8
RAS
100
AcDbPolyline
 90
3
 70
0
 10
300.0
 20
191.0
 10
387.5
 20
191.0
 10
387.5
 20
163.0
  0
LWPOLYLINE
  5
3F7
330
17
100
AcDbEntity
  8
RAS
100
AcDbPolyline
 90
3
 70
1
 10
356.875
 20
191.0
 10
354.675
 20
191.99
 10
354.675
 20
190.01
  0
LWPOLYLINE
  5
3F8
330
17
100
AcDbEntity
  8
RAS
100
AcDbPolyline
 90
3
 70
1
 10
387.5
 20
172.8
 10
388.49
 20
175.0
 10
386.51
 20
175.0
  0
LWPOLYLINE
  5
3F9
330
17
100
AcDbEntity
  8
IR
100
AcDbPolyline
 90
3
 70
0
 10
80.0
 20
151.0
 10
80.0
 20
176.0
 10
20.0
 20
176.0
  0
LWPOLYLINE
  5
3FA
330
17
100
AcDbEntity
  8
IR
100
AcDbPolyline
 90
3
 70
1
 10
41.0
 20
176.0
 10
43.2
 20
175.01
 10
43.2
 20
176.99
  0
TEXT
  5
3FB
330
17
100
AcDbEntity
  8
IR
100
AcDbText
 10
50.0
 20
179.0
 30
0.0
 40
2.1
  1
IR
  7
CN
 72
1
 11
50.0
 21
179.0
 31
0.0
100
AcDbText
 73
2
  0
LWPOLYLINE
  5
3FC
330
17
100
AcDbEntity
  8
IR
100
AcDbPolyline
 90
3
 70
0
 10
180.0
 20
151.0
 10
180.0
 20
176.0
 10
120.0
 20
176.0
  0
LWPOLYLINE
  5
3FD
330
17
100
AcDbEntity
  8
IR
100
AcDbPolyline
 90
3
 70
1
 10
141.0
 20
176.0
 10
143.2
 20
175.01
 10
143.2
 20
176.99
  0
TEXT
  5
3FE
330
17
100
AcDbEntity
  8
IR
100
AcDbText
 10
150.0
 20
179.0
 30
0.0
 40
2.1
  1
IR
  7
CN
 72
1
 11
150.0
 21
179.0
 31
0.0
100
AcDbText
 73
2
  0
LWPOLYLINE
  5
3FF
330
17
100
AcDbEntity
  8
IR
100
AcDbPolyline
 90
3
 70
0
 10
280.0
 20
151.0
 10
280.0
 20
176.0
 10
220.0
 20
176.0
  0
LWPOLYLINE
  5
400
330
17
100
AcDbEntity
  8
IR
100
AcDbPolyline
 90
3
 70
1
 10
241.0
 20
176.0
 10
243.2
 20
175.01
 10
243.2
 20
176.99
  0
TEXT
  5
401
330
17
100
AcDbEntity
  8
IR
100
AcDbText
 10
250.0
 20
179.0
 30
0.0
 40
2.1
  1
IR
  7
CN
 72
1
 11
250.0
 21
179.0
 31
0.0
100
AcDbText
 73
2
  0
LWPOLYLINE
  5
402
330
17
100
AcDbEntity
  8
IR
100
AcDbPolyline
 90
3
 70
0
 10
380.0
 20
151.0
 10
380.0
 20
176.0
 10
320.0
 20
176.0
  0
LWPOLYLINE
  5
403
330
17
100
AcDbEntity
  8
IR
100
AcDbPolyline
 90
3
 70
1
 10
341.0
 20
176.0
 10
343.2
 20
175.01
 10
343.2
 20
176.99
  0
TEXT
  5
404
330
17
100
AcDbEntity
  8
IR
100
AcDbText
 10
350.0
 20
179.0
 30
0.0
 40
2.1
  1
IR
  7
CN
 72
1
 11
350.0
 21
179.0
 31
0.0
100
AcDbText
 73
2
  0
LWPOLYLINE
  5
405
330
17
100
AcDbEntity
  8
AIR
100
AcDbPolyline
 90
3
 70
0
 10
200.0
 20
134.0
 10
200.0
 20
136.0
 10
50.0
 20
136.0
  0
LWPOLYLINE
  5
406
330
17
100
AcDbEntity
  8
AIR
100
AcDbPolyline
 90
3
 70
1
 10
102.5
 20
136.0
 10
104.7
 20
135.01
 10
104.7
 20
136.99
  0
TEXT
  5
407
330
17
100
AcDbEntity
  8
AIR
100
AcDbText
 10
125.0
 20
139.0
 30
0.0
 40
2.1
  1
AIR
  7
CN
 72
1
 11
125.0
 21
139.0
 31
0.0
100
AcDbText
 73
2
  0
LWPOLYLINE
  5
408
330
17
100
AcDbEntity
  8
AIR
100
AcDbPolyline
 90
2
 70
0
 10
50.0
 20
136.0
 10
50.0
 20
138.0
  0
LWPOLYLINE
  5
409
330
17
100
AcDbEntity
  8
AIR
100
AcDbPolyline
 90
3
 70
1
 10
50.0
 20
137.3
 10
49.01
 20
135.10000000000002
 10
50.99
 20
135.10000000000002
  0
LWPOLYLINE
  5
40A
330
17
100
AcDbEntity
  8
AIR
100
AcDbPolyline
 90
2
 70
0
 10
150.0
 20
136.0
 10
150.0
 20
138.0
  0
LWPOLYLINE
  5
40B
330
17
100
AcDbEntity
  8
AIR
100
AcDbPolyline
 90
3
 70
1
 10
150.0
 20
137.3
 10
149.01
 20
135.10000000000002
 10
150.99
 20
135.10000000000002
  0
LWPOLYLINE
  5
40C
330
17
100
AcDbEntity
  8
AIR
100
AcDbPolyline
 90
2
 70
0
 10
250.0
 20
136.0
 10
250.0
 20
138.0
  0
LWPOLYLINE
  5
40D
330
17
100
AcDbEntity
  8
AIR
100
AcDbPolyline
 90
3
 70
1
 10
250.0
 20
137.3
 10
249.01
 20
135.10000000000002
 10
250.99
 20
135.10000000000002
  0
LWPOLYLINE
  5
40E
330
17
100
AcDbEntity
  8
AIR
100
AcDbPolyline
 90
2
 70
0
 10
350.0
 20
136.0
 10
350.0
 20
138.0
  0
LWPOLYLINE
  5
40F
330
17
100
AcDbEntity
  8
AIR
100
AcDbPolyline
 90
3
 70
1
 10
350.0
 20
137.3
 10
349.01
 20
135.10000000000002
 10
350.99
 20
135.10000000000002
  0
LWPOLYLINE
  5
410
330
17
100
AcDbEntity
  8
AIR
100
AcDbPolyline
 90
4
 70
0
 10
200.0
 20
134.0
 10
200.0
 20
266.0
 10
207.0
 20
266.0
 10
207.0
 20
270.0
  0
LWPOLYLINE
  5
411
330
17
100
AcDbEntity
  8
AIR
100
AcDbPolyline
 90
3
 70
1
 10
200.0
 20
219.8
 10
199.01
 20
217.60000000000002
 10
200.99
 20
217.60000000000002
  0
LWPOLYLINE
  5
412
330
17
100
AcDbEntity
  8
AIR
100
AcDbPolyline
 90
3
 70
1
 10
207.0
 20
268.6
 10
206.01
 20
266.40000000000003
 10
207.99
 20
266.40000000000003
  0
TEXT
  5
413
330
17
100
AcDbEntity
  8
AIR
100
AcDbText
 10
204.0
 20
252.0
 30
0.0
 40
2.1
  1
AIR
  7
CN
 72
1
 11
204.0
 21
252.0
 31
0.0
100
AcDbText
 73
2
  0
LWPOLYLINE
  5
414
330
17
100
AcDbEntity
  8
AIR
100
AcDbPolyline
 90
3
 70
0
 10
200.0
 20
266.0
 10
257.0
 20
266.0
 10
257.0
 20
270.0
  0
LWPOLYLINE
  5
415
330
17
100
AcDbEntity
  8
AIR
100
AcDbPolyline
 90
3
 70
1
 10
237.05
 20
266.0
 10
234.85000000000002
 20
266.99
 10
234.85000000000002
 20
265.01
  0
LWPOLYLINE
  5
416
330
17
100
AcDbEntity
  8
AIR
100
AcDbPolyline
 90
3
 70
1
 10
257.0
 20
268.6
 10
256.01
 20
266.40000000000003
 10
257.99
 20
266.40000000000003
  0
LWPOLYLINE
  5
417
330
17
100
AcDbEntity
  8
SLUDGE
100
AcDbPolyline
 90
4
 70
0
 10
50.0
 20
216.0
 10
50.0
 20
212.0
 10
12.0
 20
212.0
 10
-5.0
 20
212.0
  0
LWPOLYLINE
  5
418
330
17
100
AcDbEntity
  8
SLUDGE
100
AcDbPolyline
 90
3
 70
1
 10
25.3
 20
212.0
 10
27.5
 20
211.01
 10
27.5
 20
212.99
  0
LWPOLYLINE
  5
419
330
17
100
AcDbEntity
  8
SLUDGE
100
AcDbPolyline
 90
3
 70
1
 10
0.9499999999999993
 20
212.0
 10
3.1499999999999995
 20
211.01
 10
3.1499999999999995
 20
212.99
  0
TEXT
  5
41A
330
17
100
AcDbEntity
  8
SLUDGE
100
AcDbText
 10
25.0
 20
215.0
 30
0.0
 40
2.1
  1
初沉污泥至边界
  7
CN
 72
1
 11
25.0
 21
215.0
 31
0.0
100
AcDbText
 73
2
  0
LWPOLYLINE
  5
41B
330
17
100
AcDbEntity
  8
SLUDGE
100
AcDbPolyline
 90
3
 70
0
 10
150.0
 20
216.0
 10
150.0
 20
212.0
 10
50.0
 20
212.0
  0
LWPOLYLINE
  5
41C
330
17
100
AcDbEntity
  8
SLUDGE
100
AcDbPolyline
 90
3
 70
1
 10
85.0
 20
212.0
 10
87.2
 20
211.01
 10
87.2
 20
212.99
  0
LWPOLYLINE
  5
41D
330
17
100
AcDbEntity
  8
SLUDGE
100
AcDbPolyline
 90
4
 70
0
 10
250.0
 20
216.0
 10
250.0
 20
208.0
 10
12.0
 20
208.0
 10
-5.0
 20
208.0
  0
LWPOLYLINE
  5
41E
330
17
100
AcDbEntity
  8
SLUDGE
100
AcDbPolyline
 90
3
 70
1
 10
95.29999999999998
 20
208.0
 10
97.49999999999999
 20
207.01
 10
97.49999999999999
 20
208.99
  0
LWPOLYLINE
  5
41F
330
17
100
AcDbEntity
  8
SLUDGE
100
AcDbPolyline
 90
3
 70
1
 10
0.9499999999999993
 20
208.0
 10
3.1499999999999995
 20
207.01
 10
3.1499999999999995
 20
208.99
  0
LWPOLYLINE
  5
420
330
17
100
AcDbEntity
  8
SLUDGE
100
AcDbPolyline
 90
3
 70
0
 10
350.0
 20
216.0
 10
350.0
 20
208.0
 10
250.0
 20
208.0
  0
LWPOLYLINE
  5
421
330
17
100
AcDbEntity
  8
SLUDGE
100
AcDbPolyline
 90
3
 70
1
 10
285.0
 20
208.0
 10
287.2
 20
207.01
 10
287.2
 20
208.99
  0
LWPOLYLINE
  5
422
330
17
100
AcDbEntity
  8
SLUDGE
100
AcDbPolyline
 90
3
 70
0
 10
100.0
 20
124.0
 10
12.0
 20
124.0
 10
-5.0
 20
124.0
  0
LWPOLYLINE
  5
423
330
17
100
AcDbEntity
  8
SLUDGE
100
AcDbPolyline
 90
3
 70
1
 10
42.8
 20
124.0
 10
45.0
 20
123.01
 10
45.0
 20
124.99
  0
LWPOLYLINE
  5
424
330
17
100
AcDbEntity
  8
SLUDGE
100
AcDbPolyline
 90
3
 70
1
 10
0.9499999999999993
 20
124.0
 10
3.1499999999999995
 20
123.01
 10
3.1499999999999995
 20
124.99
  0
TEXT
  5
425
330
17
100
AcDbEntity
  8
SLUDGE
100
AcDbText
 10
50.0
 20
127.0
 30
0.0
 40
2.1
  1
剩余污泥至边界
  7
CN
 72
1
 11
50.0
 21
127.0
 31
0.0
100
AcDbText
 73
2
  0
LWPOLYLINE
  5
426
330
17
100
AcDbEntity
  8
SLUDGE
100
AcDbPolyline
 90
2
 70
0
 10
300.0
 20
124.0
 10
100.0
 20
124.0
  0
LWPOLYLINE
  5
427
330
17
100
AcDbEntity
  8
SLUDGE
100
AcDbPolyline
 90
3
 70
1
 10
170.0
 20
124.0
 10
172.2
 20
123.01
 10
172.2
 20
124.99
  0
LWPOLYLINE
  5
428
330
17
100
AcDbEntity
  8
BYPASS
100
AcDbPolyline
 90
5
 70
0
 10
310.0
 20
257.0
 10
382.0
 20
257.0
 10
382.0
 20
48.0
 10
274.0
 20
48.0
 10
274.0
 20
28.5
  0
LWPOLYLINE
  5
429
330
17
100
AcDbEntity
  8
BYPASS
100
AcDbPolyline
 90
3
 70
1
 10
356.8
 20
257.0
 10
354.6
 20
257.99
 10
354.6
 20
256.01
  0
LWPOLYLINE
  5
42A
330
17
100
AcDbEntity
  8
BYPASS
100
AcDbPolyline
 90
3
 70
1
 10
382.0
 20
121.15
 10
382.99
 20
123.35000000000001
 10
381.01
 20
123.35000000000001
  0
LWPOLYLINE
  5
42B
330
17
100
AcDbEntity
  8
BYPASS
100
AcDbPolyline
 90
3
 70
1
 10
311.8
 20
48.0
 10
314.0
 20
47.01
 10
314.0
 20
48.99
  0
LWPOLYLINE
  5
42C
330
17
100
AcDbEntity
  8
BYPASS
100
AcDbPolyline
 90
3
 70
1
 10
274.0
 20
35.325
 10
274.99
 20
37.525000000000006
 10
273.01
 20
37.525000000000006
  0
TEXT
  5
42D
330
17
100
AcDbEntity
  8
BYPASS
100
AcDbText
 10
384.5
 20
175.0
 30
0.0
 40
2.0
  1
事故超越 OV（暂定）
 50
90.0
  7
CN
 72
1
 11
384.5
 21
175.0
 31
0.0
100
AcDbText
 73
2
  0
LWPOLYLINE
  5
42E
330
17
100
AcDbEntity
  8
BYPASS
100
AcDbPolyline
 90
3
 70
0
 10
347.8
 20
255.57
 10
350.0
 20
257.0
 10
347.8
 20
258.43
  0
LWPOLYLINE
  5
42F
330
17
100
AcDbEntity
  8
BYPASS
100
AcDbPolyline
 90
3
 70
0
 10
352.2
 20
255.57
 10
350.0
 20
257.0
 10
352.2
 20
258.43
  0
LWPOLYLINE
  5
430
330
17
100
AcDbEntity
  8
BYPASS
100
AcDbPolyline
 90
3
 70
0
 10
271.8
 20
46.57
 10
274.0
 20
48.0
 10
271.8
 20
49.43
  0
LWPOLYLINE
  5
431
330
17
100
AcDbEntity
  8
BYPASS
100
AcDbPolyline
 90
3
 70
0
 10
276.2
 20
46.57
 10
274.0
 20
48.0
 10
276.2
 20
49.43
  0
LINE
  5
432
330
17
100
AcDbEntity
  8
DIM
100
AcDbLine
 10
0.0
 20
300.0
 30
0.0
 11
0.0
 21
309.0
 31
0.0
  0
LINE
  5
433
330
17
100
AcDbEntity
  8
DIM
100
AcDbLine
 10
400.0
 20
300.0
 30
0.0
 11
400.0
 21
309.0
 31
0.0
  0
LINE
  5
434
330
17
100
AcDbEntity
  8
DIM
100
AcDbLine
 10
0.0
 20
309.0
 30
0.0
 11
400.0
 21
309.0
 31
0.0
  0
LINE
  5
435
330
17
100
AcDbEntity
  8
DIM
100
AcDbLine
 10
-1.5
 20
307.5
 30
0.0
 11
1.5
 21
310.5
 31
0.0
  0
LINE
  5
436
330
17
100
AcDbEntity
  8
DIM
100
AcDbLine
 10
398.5
 20
307.5
 30
0.0
 11
401.5
 21
310.5
 31
0.0
  0
TEXT
  5
437
330
17
100
AcDbEntity
  8
DIM
100
AcDbText
 10
200.0
 20
312.0
 30
0.0
 40
2.6
  1
400 m
  7
CN
 72
1
 11
200.0
 21
312.0
 31
0.0
100
AcDbText
 73
2
  0
LINE
  5
438
330
17
100
AcDbEntity
  8
DIM
100
AcDbLine
 10
0.0
 20
0.0
 30
0.0
 11
-9.0
 21
0.0
 31
0.0
  0
LINE
  5
439
330
17
100
AcDbEntity
  8
DIM
100
AcDbLine
 10
0.0
 20
300.0
 30
0.0
 11
-9.0
 21
300.0
 31
0.0
  0
LINE
  5
43A
330
17
100
AcDbEntity
  8
DIM
100
AcDbLine
 10
-9.0
 20
0.0
 30
0.0
 11
-9.0
 21
300.0
 31
0.0
  0
LINE
  5
43B
330
17
100
AcDbEntity
  8
DIM
100
AcDbLine
 10
-10.5
 20
-1.5
 30
0.0
 11
-7.5
 21
1.5
 31
0.0
  0
LINE
  5
43C
330
17
100
AcDbEntity
  8
DIM
100
AcDbLine
 10
-10.5
 20
298.5
 30
0.0
 11
-7.5
 21
301.5
 31
0.0
  0
TEXT
  5
43D
330
17
100
AcDbEntity
  8
DIM
100
AcDbText
 10
-12.0
 20
150.0
 30
0.0
 40
2.6
  1
300 m
 50
90.0
  7
CN
 72
1
 11
-12.0
 21
150.0
 31
0.0
100
AcDbText
 73
2
  0
TEXT
  5
43E
330
17
100
AcDbEntity
  8
COORD
100
AcDbText
 10
38.0
 20
-10.0
 30
0.0
 40
2.4
  1
西南角坐标原点 (0,0)
  7
CN
 72
1
 11
38.0
 21
-10.0
 31
0.0
100
AcDbText
 73
2
  0
TEXT
  5
43F
330
17
100
AcDbEntity
  8
COORD
100
AcDbText
 10
360.0
 20
313.0
 30
0.0
 40
2.4
  1
北界进水点 (360,300)
  7
CN
 72
1
 11
360.0
 21
313.0
 31
0.0
100
AcDbText
 73
2
  0
TEXT
  5
440
330
17
100
AcDbEntity
  8
COORD
100
AcDbText
 10
406.0
 20
29.0
 30
0.0
 40
2.4
  1
东界出水点 (400,29)
 50
90.0
  7
CN
 72
1
 11
406.0
 21
29.0
 31
0.0
100
AcDbText
 73
2
  0
LINE
  5
441
330
17
100
AcDbEntity
  8
SITE
100
AcDbLine
 10
425.0
 20
255.0
 30
0.0
 11
425.0
 21
290.0
 31
0.0
  0
LWPOLYLINE
  5
442
330
17
100
AcDbEntity
  8
SITE
100
AcDbPolyline
 90
3
 70
1
 10
425.0
 20
290.0
 10
422.75
 20
285.0
 10
427.25
 20
285.0
  0
TEXT
  5
443
330
17
100
AcDbEntity
  8
TEXT
100
AcDbText
 10
425.0
 20
296.0
 30
0.0
 40
5.0
  1
N
  7
CN
 72
1
 11
425.0
 21
296.0
 31
0.0
100
AcDbText
 73
2
  0
LINE
  5
444
330
17
100
AcDbEntity
  8
NOTE
100
AcDbLine
 10
440.0
 20
245.0
 30
0.0
 11
425.0
 21
260.0
 31
0.0
  0
LWPOLYLINE
  5
445
330
17
100
AcDbEntity
  8
NOTE
100
AcDbPolyline
 90
3
 70
1
 10
425.0
 20
260.0
 10
426.1667261889578
 20
256.9240855018385
 10
428.0759144981615
 20
258.8332738110422
  0
TEXT
  5
446
330
17
100
AcDbEntity
  8
NOTE
100
AcDbText
 10
429.0
 20
240.3125
 30
0.0
 40
2.1
  1
夏季东南来风
  7
CN
 72
1
 11
429.0
 21
240.3125
 31
0.0
100
AcDbText
 73
2
  0
TEXT
  5
447
330
17
100
AcDbEntity
  8
NOTE
100
AcDbText
 10
429.0
 20
237.6875
 30
0.0
 40
2.1
  1
风玫瑰资料待补
  7
CN
 72
1
 11
429.0
 21
237.6875
 31
0.0
100
AcDbText
 73
2
  0
TEXT
  5
448
330
17
100
AcDbEntity
  8
NOTE
100
AcDbText
 10
500.0
 20
202.56
 30
0.0
 40
2.8
  1
首版说明
  7
CN
 72
1
 11
500.0
 21
202.56
 31
0.0
100
AcDbText
 73
2
  0
TEXT
  5
449
330
17
100
AcDbEntity
  8
NOTE
100
AcDbText
 10
500.0
 20
198.78
 30
0.0
 40
2.8
  1
1. 模型单位：m；所有构筑物按真实尺寸绘制。
  7
CN
 72
1
 11
500.0
 21
198.78
 31
0.0
100
AcDbText
 73
2
  0
TEXT
  5
44A
330
17
100
AcDbEntity
  8
NOTE
100
AcDbText
 10
500.0
 20
195.0
 30
0.0
 40
2.8
  1
2. 虚线外包络用于定位/检修范围；实体池壁为实线。
  7
CN
 72
1
 11
500.0
 21
195.0
 31
0.0
100
AcDbText
 73
2
  0
TEXT
  5
44B
330
17
100
AcDbEntity
  8
NOTE
100
AcDbText
 10
500.0
 20
191.22
 30
0.0
 40
2.8
  1
3. A/B两条水线按教案要求明确分组。
  7
CN
 72
1
 11
500.0
 21
191.22
 31
0.0
100
AcDbText
 73
2
  0
TEXT
  5
44C
330
17
100
AcDbEntity
  8
NOTE
100
AcDbText
 10
500.0
 20
187.44
 30
0.0
 40
2.8
  1
4. 事故超越端点与风玫瑰数据需教师确认。
  7
CN
 72
1
 11
500.0
 21
187.44
 31
0.0
100
AcDbText
 73
2
  0
VIEWPORT
  5
451
330
44D
100
AcDbEntity
 67
1
  8
VIEWPORTS
100
AcDbViewport
 10
630528.0
 20
440832.0
 30
0.0
 40
1420953.6
 41
1003622.4
 68
1
 69
1
 12
630528.0
 22
440832.0
 13
0.0
 23
0.0
 14
10.0
 24
10.0
 15
10.0
 25
10.0
 16
0.0
 26
0.0
 36
1.0
 17
0.0
 27
0.0
 37
0.0
 42
50.0
 43
0.0
 44
0.0
 45
1003622.4
 50
0.0
 51
0.0
 72
100
 90
557088
  1

281
0
 71
0
 74
0
110
0.0
120
0.0
130
0.0
111
1.0
121
0.0
131
0.0
112
0.0
122
1.0
132
0.0
 79
0
146
0.0
282
0
  0
LWPOLYLINE
  5
452
330
44D
100
AcDbEntity
 67
1
  8
PAPER
100
AcDbPolyline
 90
4
 70
1
 10
10.0
 20
10.0
 10
831.0
 20
10.0
 10
831.0
 20
584.0
 10
10.0
 20
584.0
  0
LWPOLYLINE
  5
453
330
44D
100
AcDbEntity
 67
1
  8
PAPER
100
AcDbPolyline
 90
4
 70
1
 10
15.0
 20
15.0
 10
826.0
 20
15.0
 10
826.0
 20
579.0
 10
15.0
 20
579.0
  0
VIEWPORT
  5
454
330
44D
100
AcDbEntity
 67
1
  8
PAPER
100
AcDbViewport
 10
260.0
 20
375.0
 30
0.0
 40
490.0
 41
390.0
 68
2
 69
3
 12
200.0
 22
150.0
 13
0.0
 23
0.0
 14
10.0
 24
10.0
 15
10.0
 25
10.0
 16
0.0
 26
0.0
 36
1.0
 17
0.0
 27
0.0
 37
0.0
 42
50.0
 43
0.0
 44
0.0
 45
390.0
 50
0.0
 51
0.0
 72
100
 90
0
  1

281
0
 71
0
 74
0
110
0.0
120
0.0
130
0.0
111
1.0
121
0.0
131
0.0
112
0.0
122
1.0
132
0.0
 79
0
146
0.0
282
0
  0
TEXT
  5
455
330
44D
100
AcDbEntity
 67
1
  8
PAPER
100
AcDbText
 10
260.0
 20
170.0
 30
0.0
 40
7.0
  1
污水处理厂厂区总平面与管线图（第一版）
  7
CN
 72
1
 11
260.0
 21
170.0
 31
0.0
100
AcDbText
 73
2
  0
TEXT
  5
456
330
44D
100
AcDbEntity
 67
1
  8
PAPER
100
AcDbText
 10
260.0
 20
158.0
 30
0.0
 40
3.5
  1
比例 1:1000    单位：m    模型空间按1:1绘制
  7
CN
 72
1
 11
260.0
 21
158.0
 31
0.0
100
AcDbText
 73
2
  0
TEXT
  5
457
330
44D
100
AcDbEntity
 67
1
  8
PAPER
100
AcDbText
 10
22.0
 20
142.0
 30
0.0
 40
3.0
  1
说明：
  7
CN
 11
22.0
 21
142.0
 31
0.0
100
AcDbText
 73
2
  0
TEXT
  5
458
330
44D
100
AcDbEntity
 67
1
  8
PAPER
100
AcDbText
 10
22.0
 20
134.0
 30
0.0
 40
3.0
  1
1. 坐标以厂区西南角为(0,0)，x向东、y向北。
  7
CN
 11
22.0
 21
134.0
 31
0.0
100
AcDbText
 73
2
  0
TEXT
  5
459
330
44D
100
AcDbEntity
 67
1
  8
PAPER
100
AcDbText
 10
22.0
 20
126.0
 30
0.0
 40
3.0
  1
2. A、B两条并联水线分别服务C1-C2/B1-B2/T1-T4与C3-C4/B3-B4/T5-T8。
  7
CN
 11
22.0
 21
126.0
 31
0.0
100
AcDbText
 73
2
  0
TEXT
  5
45A
330
44D
100
AcDbEntity
 67
1
  8
PAPER
100
AcDbText
 10
22.0
 20
118.0
 30
0.0
 40
3.0
  1
3. 黑白出图时各管线以线型、线宽和沿线缩写共同区分。
  7
CN
 11
22.0
 21
118.0
 31
0.0
100
AcDbText
 73
2
  0
TEXT
  5
45B
330
44D
100
AcDbEntity
 67
1
  8
PAPER
100
AcDbText
 10
22.0
 20
110.0
 30
0.0
 40
3.0
  1
4. 事故超越按G2后至CT前暂定；风玫瑰统计资料与横剖面另行补充。
  7
CN
 11
22.0
 21
110.0
 31
0.0
100
AcDbText
 73
2
  0
LWPOLYLINE
  5
45C
330
44D
100
AcDbEntity
 67
1
  8
PAPER
100
AcDbPolyline
 90
4
 70
1
 10
515.0
 20
400.0
 10
826.0
 20
400.0
 10
826.0
 20
579.0
 10
515.0
 20
579.0
  0
TEXT
  5
45D
330
44D
100
AcDbEntity
 67
1
  8
PAPER
100
AcDbText
 10
670.5
 20
568.0
 30
0.0
 40
5.0
  1
图例与控制数据
  7
CN
 72
1
 11
670.5
 21
568.0
 31
0.0
100
AcDbText
 73
2
  0
LINE
  5
45E
330
44D
100
AcDbEntity
 67
1
  8
W-MAIN
100
AcDbLine
 10
530.0
 20
552.0
 30
0.0
 11
590.0
 21
552.0
 31
0.0
  0
TEXT
  5
45F
330
44D
100
AcDbEntity
 67
1
  8
PAPER
100
AcDbText
 10
600.0
 20
552.0
 30
0.0
 40
3.2
  1
主水线 W
  7
CN
 11
600.0
 21
552.0
 31
0.0
100
AcDbText
 73
2
  0
LINE
  5
460
330
44D
100
AcDbEntity
 67
1
  8
RAS
100
AcDbLine
 10
530.0
 20
539.0
 30
0.0
 11
590.0
 21
539.0
 31
0.0
  0
TEXT
  5
461
330
44D
100
AcDbEntity
 67
1
  8
PAPER
100
AcDbText
 10
600.0
 20
539.0
 30
0.0
 40
3.2
  1
回流污泥 RAS
  7
CN
 11
600.0
 21
539.0
 31
0.0
100
AcDbText
 73
2
  0
LINE
  5
462
330
44D
100
AcDbEntity
 67
1
  8
IR
100
AcDbLine
 10
530.0
 20
526.0
 30
0.0
 11
590.0
 21
526.0
 31
0.0
  0
TEXT
  5
463
330
44D
100
AcDbEntity
 67
1
  8
PAPER
100
AcDbText
 10
600.0
 20
526.0
 30
0.0
 40
3.2
  1
混合液内回流 IR
  7
CN
 11
600.0
 21
526.0
 31
0.0
100
AcDbText
 73
2
  0
LINE
  5
464
330
44D
100
AcDbEntity
 67
1
  8
AIR
100
AcDbLine
 10
530.0
 20
513.0
 30
0.0
 11
590.0
 21
513.0
 31
0.0
  0
TEXT
  5
465
330
44D
100
AcDbEntity
 67
1
  8
PAPER
100
AcDbText
 10
600.0
 20
513.0
 30
0.0
 40
3.2
  1
空气管 AIR
  7
CN
 11
600.0
 21
513.0
 31
0.0
100
AcDbText
 73
2
  0
LINE
  5
466
330
44D
100
AcDbEntity
 67
1
  8
SLUDGE
100
AcDbLine
 10
530.0
 20
500.0
 30
0.0
 11
590.0
 21
500.0
 31
0.0
  0
TEXT
  5
467
330
44D
100
AcDbEntity
 67
1
  8
PAPER
100
AcDbText
 10
600.0
 20
500.0
 30
0.0
 40
3.2
  1
污泥/排泥 SL
  7
CN
 11
600.0
 21
500.0
 31
0.0
100
AcDbText
 73
2
  0
LINE
  5
468
330
44D
100
AcDbEntity
 67
1
  8
BYPASS
100
AcDbLine
 10
530.0
 20
487.0
 30
0.0
 11
590.0
 21
487.0
 31
0.0
  0
TEXT
  5
469
330
44D
100
AcDbEntity
 67
1
  8
PAPER
100
AcDbText
 10
600.0
 20
487.0
 30
0.0
 40
3.2
  1
事故超越 OV
  7
CN
 11
600.0
 21
487.0
 31
0.0
100
AcDbText
 73
2
  0
LINE
  5
46A
330
44D
100
AcDbEntity
 67
1
  8
ENVELOPE
100
AcDbLine
 10
530.0
 20
474.0
 30
0.0
 11
590.0
 21
474.0
 31
0.0
  0
TEXT
  5
46B
330
44D
100
AcDbEntity
 67
1
  8
PAPER
100
AcDbText
 10
600.0
 20
474.0
 30
0.0
 40
3.2
  1
定位/检修包络
  7
CN
 11
600.0
 21
474.0
 31
0.0
100
AcDbText
 73
2
  0
TEXT
  5
46C
330
44D
100
AcDbEntity
 67
1
  8
PAPER
100
AcDbText
 10
530.0
 20
458.0
 30
0.0
 40
3.0
  1
厂界：400×300 m；总面积120000 m²
  7
CN
 11
530.0
 21
458.0
 31
0.0
100
AcDbText
 73
2
  0
TEXT
  5
46D
330
44D
100
AcDbEntity
 67
1
  8
PAPER
100
AcDbText
 10
530.0
 20
449.0
 30
0.0
 40
3.0
  1
北界进水：(360,300)，DN1200
  7
CN
 11
530.0
 21
449.0
 31
0.0
100
AcDbText
 73
2
  0
TEXT
  5
46E
330
44D
100
AcDbEntity
 67
1
  8
PAPER
100
AcDbText
 10
530.0
 20
440.0
 30
0.0
 40
3.0
  1
东界出水：(400,29)，DN1500
  7
CN
 11
530.0
 21
440.0
 31
0.0
100
AcDbText
 73
2
  0
TEXT
  5
46F
330
44D
100
AcDbEntity
 67
1
  8
PAPER
100
AcDbText
 10
530.0
 20
431.0
 30
0.0
 40
3.0
  1
道路：6 m环路+3条6 m横路+4 m次通道
  7
CN
 11
530.0
 21
431.0
 31
0.0
100
AcDbText
 73
2
  0
TEXT
  5
470
330
44D
100
AcDbEntity
 67
1
  8
PAPER
100
AcDbText
 10
530.0
 20
422.0
 30
0.0
 40
3.0
  1
夏季主导风：东南来风；风玫瑰资料待补
  7
CN
 11
530.0
 21
422.0
 31
0.0
100
AcDbText
 73
2
  0
LWPOLYLINE
  5
471
330
44D
100
AcDbEntity
 67
1
  8
PAPER
100
AcDbPolyline
 90
4
 70
1
 10
515.0
 20
115.0
 10
826.0
 20
115.0
 10
826.0
 20
395.0
 10
515.0
 20
395.0
  0
TEXT
  5
472
330
44D
100
AcDbEntity
 67
1
  8
PAPER
100
AcDbText
 10
670.5
 20
386.0
 30
0.0
 40
4.8
  1
构筑物一览表
  7
CN
 72
1
 11
670.5
 21
386.0
 31
0.0
100
AcDbText
 73
2
  0
LINE
  5
473
330
44D
100
AcDbEntity
 67
1
  8
PAPER
100
AcDbLine
 10
515.0
 20
115.0
 30
0.0
 11
515.0
 21
378.0
 31
0.0
  0
LINE
  5
474
330
44D
100
AcDbEntity
 67
1
  8
PAPER
100
AcDbLine
 10
565.0
 20
115.0
 30
0.0
 11
565.0
 21
378.0
 31
0.0
  0
LINE
  5
475
330
44D
100
AcDbEntity
 67
1
  8
PAPER
100
AcDbLine
 10
690.0
 20
115.0
 30
0.0
 11
690.0
 21
378.0
 31
0.0
  0
LINE
  5
476
330
44D
100
AcDbEntity
 67
1
  8
PAPER
100
AcDbLine
 10
740.0
 20
115.0
 30
0.0
 11
740.0
 21
378.0
 31
0.0
  0
LINE
  5
477
330
44D
100
AcDbEntity
 67
1
  8
PAPER
100
AcDbLine
 10
826.0
 20
115.0
 30
0.0
 11
826.0
 21
378.0
 31
0.0
  0
LINE
  5
478
330
44D
100
AcDbEntity
 67
1
  8
PAPER
100
AcDbLine
 10
515.0
 20
378.0
 30
0.0
 11
826.0
 21
378.0
 31
0.0
  0
LINE
  5
479
330
44D
100
AcDbEntity
 67
1
  8
PAPER
100
AcDbLine
 10
515.0
 20
364.0
 30
0.0
 11
826.0
 21
364.0
 31
0.0
  0
LINE
  5
47A
330
44D
100
AcDbEntity
 67
1
  8
PAPER
100
AcDbLine
 10
515.0
 20
350.0
 30
0.0
 11
826.0
 21
350.0
 31
0.0
  0
LINE
  5
47B
330
44D
100
AcDbEntity
 67
1
  8
PAPER
100
AcDbLine
 10
515.0
 20
336.0
 30
0.0
 11
826.0
 21
336.0
 31
0.0
  0
LINE
  5
47C
330
44D
100
AcDbEntity
 67
1
  8
PAPER
100
AcDbLine
 10
515.0
 20
322.0
 30
0.0
 11
826.0
 21
322.0
 31
0.0
  0
LINE
  5
47D
330
44D
100
AcDbEntity
 67
1
  8
PAPER
100
AcDbLine
 10
515.0
 20
308.0
 30
0.0
 11
826.0
 21
308.0
 31
0.0
  0
LINE
  5
47E
330
44D
100
AcDbEntity
 67
1
  8
PAPER
100
AcDbLine
 10
515.0
 20
294.0
 30
0.0
 11
826.0
 21
294.0
 31
0.0
  0
LINE
  5
47F
330
44D
100
AcDbEntity
 67
1
  8
PAPER
100
AcDbLine
 10
515.0
 20
280.0
 30
0.0
 11
826.0
 21
280.0
 31
0.0
  0
LINE
  5
480
330
44D
100
AcDbEntity
 67
1
  8
PAPER
100
AcDbLine
 10
515.0
 20
266.0
 30
0.0
 11
826.0
 21
266.0
 31
0.0
  0
LINE
  5
481
330
44D
100
AcDbEntity
 67
1
  8
PAPER
100
AcDbLine
 10
515.0
 20
252.0
 30
0.0
 11
826.0
 21
252.0
 31
0.0
  0
LINE
  5
482
330
44D
100
AcDbEntity
 67
1
  8
PAPER
100
AcDbLine
 10
515.0
 20
238.0
 30
0.0
 11
826.0
 21
238.0
 31
0.0
  0
LINE
  5
483
330
44D
100
AcDbEntity
 67
1
  8
PAPER
100
AcDbLine
 10
515.0
 20
224.0
 30
0.0
 11
826.0
 21
224.0
 31
0.0
  0
LINE
  5
484
330
44D
100
AcDbEntity
 67
1
  8
PAPER
100
AcDbLine
 10
515.0
 20
210.0
 30
0.0
 11
826.0
 21
210.0
 31
0.0
  0
LINE
  5
485
330
44D
100
AcDbEntity
 67
1
  8
PAPER
100
AcDbLine
 10
515.0
 20
196.0
 30
0.0
 11
826.0
 21
196.0
 31
0.0
  0
LINE
  5
486
330
44D
100
AcDbEntity
 67
1
  8
PAPER
100
AcDbLine
 10
515.0
 20
182.0
 30
0.0
 11
826.0
 21
182.0
 31
0.0
  0
LINE
  5
487
330
44D
100
AcDbEntity
 67
1
  8
PAPER
100
AcDbLine
 10
515.0
 20
168.0
 30
0.0
 11
826.0
 21
168.0
 31
0.0
  0
LINE
  5
488
330
44D
100
AcDbEntity
 67
1
  8
PAPER
100
AcDbLine
 10
515.0
 20
154.0
 30
0.0
 11
826.0
 21
154.0
 31
0.0
  0
LINE
  5
489
330
44D
100
AcDbEntity
 67
1
  8
PAPER
100
AcDbLine
 10
515.0
 20
140.0
 30
0.0
 11
826.0
 21
140.0
 31
0.0
  0
TEXT
  5
48A
330
44D
100
AcDbEntity
 67
1
  8
PAPER
100
AcDbText
 10
540.0
 20
371.0
 30
0.0
 40
3.0
  1
编号
  7
CN
 72
1
 11
540.0
 21
371.0
 31
0.0
100
AcDbText
 73
2
  0
TEXT
  5
48B
330
44D
100
AcDbEntity
 67
1
  8
PAPER
100
AcDbText
 10
627.5
 20
371.0
 30
0.0
 40
3.0
  1
名称
  7
CN
 72
1
 11
627.5
 21
371.0
 31
0.0
100
AcDbText
 73
2
  0
TEXT
  5
48C
330
44D
100
AcDbEntity
 67
1
  8
PAPER
100
AcDbText
 10
715.0
 20
371.0
 30
0.0
 40
3.0
  1
数量
  7
CN
 72
1
 11
715.0
 21
371.0
 31
0.0
100
AcDbText
 73
2
  0
TEXT
  5
48D
330
44D
100
AcDbEntity
 67
1
  8
PAPER
100
AcDbText
 10
783.0
 20
371.0
 30
0.0
 40
3.0
  1
主要尺寸/m
  7
CN
 72
1
 11
783.0
 21
371.0
 31
0.0
100
AcDbText
 73
2
  0
TEXT
  5
48E
330
44D
100
AcDbEntity
 67
1
  8
PAPER
100
AcDbText
 10
540.0
 20
357.0
 30
0.0
 40
2.7
  1
G1
  7
CN
 72
1
 11
540.0
 21
357.0
 31
0.0
100
AcDbText
 73
2
  0
TEXT
  5
48F
330
44D
100
AcDbEntity
 67
1
  8
PAPER
100
AcDbText
 10
627.5
 20
357.0
 30
0.0
 40
2.7
  1
粗格栅
  7
CN
 72
1
 11
627.5
 21
357.0
 31
0.0
100
AcDbText
 73
2
  0
TEXT
  5
490
330
44D
100
AcDbEntity
 67
1
  8
PAPER
100
AcDbText
 10
715.0
 20
357.0
 30
0.0
 40
2.7
  1
1座2格
  7
CN
 72
1
 11
715.0
 21
357.0
 31
0.0
100
AcDbText
 73
2
  0
TEXT
  5
491
330
44D
100
AcDbEntity
 67
1
  8
PAPER
100
AcDbText
 10
783.0
 20
357.0
 30
0.0
 40
2.7
  1
包络24×8
  7
CN
 72
1
 11
783.0
 21
357.0
 31
0.0
100
AcDbText
 73
2
  0
TEXT
  5
492
330
44D
100
AcDbEntity
 67
1
  8
PAPER
100
AcDbText
 10
540.0
 20
343.0
 30
0.0
 40
2.7
  1
P
  7
CN
 72
1
 11
540.0
 21
343.0
 31
0.0
100
AcDbText
 73
2
  0
TEXT
  5
493
330
44D
100
AcDbEntity
 67
1
  8
PAPER
100
AcDbText
 10
627.5
 20
343.0
 30
0.0
 40
2.7
  1
进水井/提升泵站
  7
CN
 72
1
 11
627.5
 21
343.0
 31
0.0
100
AcDbText
 73
2
  0
TEXT
  5
494
330
44D
100
AcDbEntity
 67
1
  8
PAPER
100
AcDbText
 10
715.0
 20
343.0
 30
0.0
 40
2.7
  1
1座2格
  7
CN
 72
1
 11
715.0
 21
343.0
 31
0.0
100
AcDbText
 73
2
  0
TEXT
  5
495
330
44D
100
AcDbEntity
 67
1
  8
PAPER
100
AcDbText
 10
783.0
 20
343.0
 30
0.0
 40
2.7
  1
内池2×16×10
  7
CN
 72
1
 11
783.0
 21
343.0
 31
0.0
100
AcDbText
 73
2
  0
TEXT
  5
496
330
44D
100
AcDbEntity
 67
1
  8
PAPER
100
AcDbText
 10
540.0
 20
329.0
 30
0.0
 40
2.7
  1
G2
  7
CN
 72
1
 11
540.0
 21
329.0
 31
0.0
100
AcDbText
 73
2
  0
TEXT
  5
497
330
44D
100
AcDbEntity
 67
1
  8
PAPER
100
AcDbText
 10
627.5
 20
329.0
 30
0.0
 40
2.7
  1
细格栅
  7
CN
 72
1
 11
627.5
 21
329.0
 31
0.0
100
AcDbText
 73
2
  0
TEXT
  5
498
330
44D
100
AcDbEntity
 67
1
  8
PAPER
100
AcDbText
 10
715.0
 20
329.0
 30
0.0
 40
2.7
  1
1组
  7
CN
 72
1
 11
715.0
 21
329.0
 31
0.0
100
AcDbText
 73
2
  0
TEXT
  5
499
330
44D
100
AcDbEntity
 67
1
  8
PAPER
100
AcDbText
 10
783.0
 20
329.0
 30
0.0
 40
2.7
  1
包络28×14
  7
CN
 72
1
 11
783.0
 21
329.0
 31
0.0
100
AcDbText
 73
2
  0
TEXT
  5
49A
330
44D
100
AcDbEntity
 67
1
  8
PAPER
100
AcDbText
 10
540.0
 20
315.0
 30
0.0
 40
2.7
  1
SA/SB
  7
CN
 72
1
 11
540.0
 21
315.0
 31
0.0
100
AcDbText
 73
2
  0
TEXT
  5
49B
330
44D
100
AcDbEntity
 67
1
  8
PAPER
100
AcDbText
 10
627.5
 20
315.0
 30
0.0
 40
2.7
  1
曝气沉砂池
  7
CN
 72
1
 11
627.5
 21
315.0
 31
0.0
100
AcDbText
 73
2
  0
TEXT
  5
49C
330
44D
100
AcDbEntity
 67
1
  8
PAPER
100
AcDbText
 10
715.0
 20
315.0
 30
0.0
 40
2.7
  1
2座
  7
CN
 72
1
 11
715.0
 21
315.0
 31
0.0
100
AcDbText
 73
2
  0
TEXT
  5
49D
330
44D
100
AcDbEntity
 67
1
  8
PAPER
100
AcDbText
 10
783.0
 20
315.0
 30
0.0
 40
2.7
  1
净30×3.8
  7
CN
 72
1
 11
783.0
 21
315.0
 31
0.0
100
AcDbText
 73
2
  0
TEXT
  5
49E
330
44D
100
AcDbEntity
 67
1
  8
PAPER
100
AcDbText
 10
540.0
 20
301.0
 30
0.0
 40
2.7
  1
PDA/PDB
  7
CN
 72
1
 11
540.0
 21
301.0
 31
0.0
100
AcDbText
 73
2
  0
TEXT
  5
49F
330
44D
100
AcDbEntity
 67
1
  8
PAPER
100
AcDbText
 10
627.5
 20
301.0
 30
0.0
 40
2.7
  1
初沉配水井
  7
CN
 72
1
 11
627.5
 21
301.0
 31
0.0
100
AcDbText
 73
2
  0
TEXT
  5
4A0
330
44D
100
AcDbEntity
 67
1
  8
PAPER
100
AcDbText
 10
715.0
 20
301.0
 30
0.0
 40
2.7
  1
2座
  7
CN
 72
1
 11
715.0
 21
301.0
 31
0.0
100
AcDbText
 73
2
  0
TEXT
  5
4A1
330
44D
100
AcDbEntity
 67
1
  8
PAPER
100
AcDbText
 10
783.0
 20
301.0
 30
0.0
 40
2.7
  1
10×10
  7
CN
 72
1
 11
783.0
 21
301.0
 31
0.0
100
AcDbText
 73
2
  0
TEXT
  5
4A2
330
44D
100
AcDbEntity
 67
1
  8
PAPER
100
AcDbText
 10
540.0
 20
287.0
 30
0.0
 40
2.7
  1
C1-C4
  7
CN
 72
1
 11
540.0
 21
287.0
 31
0.0
100
AcDbText
 73
2
  0
TEXT
  5
4A3
330
44D
100
AcDbEntity
 67
1
  8
PAPER
100
AcDbText
 10
627.5
 20
287.0
 30
0.0
 40
2.7
  1
平流初沉池
  7
CN
 72
1
 11
627.5
 21
287.0
 31
0.0
100
AcDbText
 73
2
  0
TEXT
  5
4A4
330
44D
100
AcDbEntity
 67
1
  8
PAPER
100
AcDbText
 10
715.0
 20
287.0
 30
0.0
 40
2.7
  1
4座
  7
CN
 72
1
 11
715.0
 21
287.0
 31
0.0
100
AcDbText
 73
2
  0
TEXT
  5
4A5
330
44D
100
AcDbEntity
 67
1
  8
PAPER
100
AcDbText
 10
783.0
 20
287.0
 30
0.0
 40
2.7
  1
净58×14.5
  7
CN
 72
1
 11
783.0
 21
287.0
 31
0.0
100
AcDbText
 73
2
  0
TEXT
  5
4A6
330
44D
100
AcDbEntity
 67
1
  8
PAPER
100
AcDbText
 10
540.0
 20
273.0
 30
0.0
 40
2.7
  1
B1-B4
  7
CN
 72
1
 11
540.0
 21
273.0
 31
0.0
100
AcDbText
 73
2
  0
TEXT
  5
4A7
330
44D
100
AcDbEntity
 67
1
  8
PAPER
100
AcDbText
 10
627.5
 20
273.0
 30
0.0
 40
2.7
  1
A2/O生物池
  7
CN
 72
1
 11
627.5
 21
273.0
 31
0.0
100
AcDbText
 73
2
  0
TEXT
  5
4A8
330
44D
100
AcDbEntity
 67
1
  8
PAPER
100
AcDbText
 10
715.0
 20
273.0
 30
0.0
 40
2.7
  1
4系列
  7
CN
 72
1
 11
715.0
 21
273.0
 31
0.0
100
AcDbText
 73
2
  0
TEXT
  5
4A9
330
44D
100
AcDbEntity
 67
1
  8
PAPER
100
AcDbText
 10
783.0
 20
273.0
 30
0.0
 40
2.7
  1
净70×45
  7
CN
 72
1
 11
783.0
 21
273.0
 31
0.0
100
AcDbText
 73
2
  0
TEXT
  5
4AA
330
44D
100
AcDbEntity
 67
1
  8
PAPER
100
AcDbText
 10
540.0
 20
259.0
 30
0.0
 40
2.7
  1
DWA/DWB
  7
CN
 72
1
 11
540.0
 21
259.0
 31
0.0
100
AcDbText
 73
2
  0
TEXT
  5
4AB
330
44D
100
AcDbEntity
 67
1
  8
PAPER
100
AcDbText
 10
627.5
 20
259.0
 30
0.0
 40
2.7
  1
二沉配水井
  7
CN
 72
1
 11
627.5
 21
259.0
 31
0.0
100
AcDbText
 73
2
  0
TEXT
  5
4AC
330
44D
100
AcDbEntity
 67
1
  8
PAPER
100
AcDbText
 10
715.0
 20
259.0
 30
0.0
 40
2.7
  1
2座
  7
CN
 72
1
 11
715.0
 21
259.0
 31
0.0
100
AcDbText
 73
2
  0
TEXT
  5
4AD
330
44D
100
AcDbEntity
 67
1
  8
PAPER
100
AcDbText
 10
783.0
 20
259.0
 30
0.0
 40
2.7
  1
18×12
  7
CN
 72
1
 11
783.0
 21
259.0
 31
0.0
100
AcDbText
 73
2
  0
TEXT
  5
4AE
330
44D
100
AcDbEntity
 67
1
  8
PAPER
100
AcDbText
 10
540.0
 20
245.0
 30
0.0
 40
2.7
  1
T1-T8
  7
CN
 72
1
 11
540.0
 21
245.0
 31
0.0
100
AcDbText
 73
2
  0
TEXT
  5
4AF
330
44D
100
AcDbEntity
 67
1
  8
PAPER
100
AcDbText
 10
627.5
 20
245.0
 30
0.0
 40
2.7
  1
辐流二沉池
  7
CN
 72
1
 11
627.5
 21
245.0
 31
0.0
100
AcDbText
 73
2
  0
TEXT
  5
4B0
330
44D
100
AcDbEntity
 67
1
  8
PAPER
100
AcDbText
 10
715.0
 20
245.0
 30
0.0
 40
2.7
  1
8座
  7
CN
 72
1
 11
715.0
 21
245.0
 31
0.0
100
AcDbText
 73
2
  0
TEXT
  5
4B1
330
44D
100
AcDbEntity
 67
1
  8
PAPER
100
AcDbText
 10
783.0
 20
245.0
 30
0.0
 40
2.7
  1
净D37/中心D6
  7
CN
 72
1
 11
783.0
 21
245.0
 31
0.0
100
AcDbText
 73
2
  0
TEXT
  5
4B2
330
44D
100
AcDbEntity
 67
1
  8
PAPER
100
AcDbText
 10
540.0
 20
231.0
 30
0.0
 40
2.7
  1
AIR
  7
CN
 72
1
 11
540.0
 21
231.0
 31
0.0
100
AcDbText
 73
2
  0
TEXT
  5
4B3
330
44D
100
AcDbEntity
 67
1
  8
PAPER
100
AcDbText
 10
627.5
 20
231.0
 30
0.0
 40
2.7
  1
鼓风机房
  7
CN
 72
1
 11
627.5
 21
231.0
 31
0.0
100
AcDbText
 73
2
  0
TEXT
  5
4B4
330
44D
100
AcDbEntity
 67
1
  8
PAPER
100
AcDbText
 10
715.0
 20
231.0
 30
0.0
 40
2.7
  1
1座
  7
CN
 72
1
 11
715.0
 21
231.0
 31
0.0
100
AcDbText
 73
2
  0
TEXT
  5
4B5
330
44D
100
AcDbEntity
 67
1
  8
PAPER
100
AcDbText
 10
783.0
 20
231.0
 30
0.0
 40
2.7
  1
48×18
  7
CN
 72
1
 11
783.0
 21
231.0
 31
0.0
100
AcDbText
 73
2
  0
TEXT
  5
4B6
330
44D
100
AcDbEntity
 67
1
  8
PAPER
100
AcDbText
 10
540.0
 20
217.0
 30
0.0
 40
2.7
  1
CHEM
  7
CN
 72
1
 11
540.0
 21
217.0
 31
0.0
100
AcDbText
 73
2
  0
TEXT
  5
4B7
330
44D
100
AcDbEntity
 67
1
  8
PAPER
100
AcDbText
 10
627.5
 20
217.0
 30
0.0
 40
2.7
  1
碳源/除磷加药
  7
CN
 72
1
 11
627.5
 21
217.0
 31
0.0
100
AcDbText
 73
2
  0
TEXT
  5
4B8
330
44D
100
AcDbEntity
 67
1
  8
PAPER
100
AcDbText
 10
715.0
 20
217.0
 30
0.0
 40
2.7
  1
1座
  7
CN
 72
1
 11
715.0
 21
217.0
 31
0.0
100
AcDbText
 73
2
  0
TEXT
  5
4B9
330
44D
100
AcDbEntity
 67
1
  8
PAPER
100
AcDbText
 10
783.0
 20
217.0
 30
0.0
 40
2.7
  1
42×18
  7
CN
 72
1
 11
783.0
 21
217.0
 31
0.0
100
AcDbText
 73
2
  0
TEXT
  5
4BA
330
44D
100
AcDbEntity
 67
1
  8
PAPER
100
AcDbText
 10
540.0
 20
203.0
 30
0.0
 40
2.7
  1
ADMIN
  7
CN
 72
1
 11
540.0
 21
203.0
 31
0.0
100
AcDbText
 73
2
  0
TEXT
  5
4BB
330
44D
100
AcDbEntity
 67
1
  8
PAPER
100
AcDbText
 10
627.5
 20
203.0
 30
0.0
 40
2.7
  1
管理/化验预留
  7
CN
 72
1
 11
627.5
 21
203.0
 31
0.0
100
AcDbText
 73
2
  0
TEXT
  5
4BC
330
44D
100
AcDbEntity
 67
1
  8
PAPER
100
AcDbText
 10
715.0
 20
203.0
 30
0.0
 40
2.7
  1
1处
  7
CN
 72
1
 11
715.0
 21
203.0
 31
0.0
100
AcDbText
 73
2
  0
TEXT
  5
4BD
330
44D
100
AcDbEntity
 67
1
  8
PAPER
100
AcDbText
 10
783.0
 20
203.0
 30
0.0
 40
2.7
  1
76×22
  7
CN
 72
1
 11
783.0
 21
203.0
 31
0.0
100
AcDbText
 73
2
  0
TEXT
  5
4BE
330
44D
100
AcDbEntity
 67
1
  8
PAPER
100
AcDbText
 10
540.0
 20
189.0
 30
0.0
 40
2.7
  1
MAINT
  7
CN
 72
1
 11
540.0
 21
189.0
 31
0.0
100
AcDbText
 73
2
  0
TEXT
  5
4BF
330
44D
100
AcDbEntity
 67
1
  8
PAPER
100
AcDbText
 10
627.5
 20
189.0
 30
0.0
 40
2.7
  1
维修/配电预留
  7
CN
 72
1
 11
627.5
 21
189.0
 31
0.0
100
AcDbText
 73
2
  0
TEXT
  5
4C0
330
44D
100
AcDbEntity
 67
1
  8
PAPER
100
AcDbText
 10
715.0
 20
189.0
 30
0.0
 40
2.7
  1
1处
  7
CN
 72
1
 11
715.0
 21
189.0
 31
0.0
100
AcDbText
 73
2
  0
TEXT
  5
4C1
330
44D
100
AcDbEntity
 67
1
  8
PAPER
100
AcDbText
 10
783.0
 20
189.0
 30
0.0
 40
2.7
  1
44×22
  7
CN
 72
1
 11
783.0
 21
189.0
 31
0.0
100
AcDbText
 73
2
  0
TEXT
  5
4C2
330
44D
100
AcDbEntity
 67
1
  8
PAPER
100
AcDbText
 10
540.0
 20
175.0
 30
0.0
 40
2.7
  1
NAOCL
  7
CN
 72
1
 11
540.0
 21
175.0
 31
0.0
100
AcDbText
 73
2
  0
TEXT
  5
4C3
330
44D
100
AcDbEntity
 67
1
  8
PAPER
100
AcDbText
 10
627.5
 20
175.0
 30
0.0
 40
2.7
  1
次氯酸钠加药
  7
CN
 72
1
 11
627.5
 21
175.0
 31
0.0
100
AcDbText
 73
2
  0
TEXT
  5
4C4
330
44D
100
AcDbEntity
 67
1
  8
PAPER
100
AcDbText
 10
715.0
 20
175.0
 30
0.0
 40
2.7
  1
1处
  7
CN
 72
1
 11
715.0
 21
175.0
 31
0.0
100
AcDbText
 73
2
  0
TEXT
  5
4C5
330
44D
100
AcDbEntity
 67
1
  8
PAPER
100
AcDbText
 10
783.0
 20
175.0
 30
0.0
 40
2.7
  1
34×22
  7
CN
 72
1
 11
783.0
 21
175.0
 31
0.0
100
AcDbText
 73
2
  0
TEXT
  5
4C6
330
44D
100
AcDbEntity
 67
1
  8
PAPER
100
AcDbText
 10
540.0
 20
161.0
 30
0.0
 40
2.7
  1
CT
  7
CN
 72
1
 11
540.0
 21
161.0
 31
0.0
100
AcDbText
 73
2
  0
TEXT
  5
4C7
330
44D
100
AcDbEntity
 67
1
  8
PAPER
100
AcDbText
 10
627.5
 20
161.0
 30
0.0
 40
2.7
  1
折流接触池
  7
CN
 72
1
 11
627.5
 21
161.0
 31
0.0
100
AcDbText
 73
2
  0
TEXT
  5
4C8
330
44D
100
AcDbEntity
 67
1
  8
PAPER
100
AcDbText
 10
715.0
 20
161.0
 30
0.0
 40
2.7
  1
1座2格
  7
CN
 72
1
 11
715.0
 21
161.0
 31
0.0
100
AcDbText
 73
2
  0
TEXT
  5
4C9
330
44D
100
AcDbEntity
 67
1
  8
PAPER
100
AcDbText
 10
783.0
 20
161.0
 30
0.0
 40
2.7
  1
2×45×8
  7
CN
 72
1
 11
783.0
 21
161.0
 31
0.0
100
AcDbText
 73
2
  0
TEXT
  5
4CA
330
44D
100
AcDbEntity
 67
1
  8
PAPER
100
AcDbText
 10
540.0
 20
147.0
 30
0.0
 40
2.7
  1
METER
  7
CN
 72
1
 11
540.0
 21
147.0
 31
0.0
100
AcDbText
 73
2
  0
TEXT
  5
4CB
330
44D
100
AcDbEntity
 67
1
  8
PAPER
100
AcDbText
 10
627.5
 20
147.0
 30
0.0
 40
2.7
  1
长喉计量渠
  7
CN
 72
1
 11
627.5
 21
147.0
 31
0.0
100
AcDbText
 73
2
  0
TEXT
  5
4CC
330
44D
100
AcDbEntity
 67
1
  8
PAPER
100
AcDbText
 10
715.0
 20
147.0
 30
0.0
 40
2.7
  1
2条
  7
CN
 72
1
 11
715.0
 21
147.0
 31
0.0
100
AcDbText
 73
2
  0
TEXT
  5
4CD
330
44D
100
AcDbEntity
 67
1
  8
PAPER
100
AcDbText
 10
783.0
 20
147.0
 30
0.0
 40
2.7
  1
喉宽1.50
  7
CN
 72
1
 11
783.0
 21
147.0
 31
0.0
100
AcDbText
 73
2
  0
TEXT
  5
4CE
330
44D
100
AcDbEntity
 67
1
  8
PAPER
100
AcDbText
 10
540.0
 20
133.0
 30
0.0
 40
2.7
  1
FUT
  7
CN
 72
1
 11
540.0
 21
133.0
 31
0.0
100
AcDbText
 73
2
  0
TEXT
  5
4CF
330
44D
100
AcDbEntity
 67
1
  8
PAPER
100
AcDbText
 10
627.5
 20
133.0
 30
0.0
 40
2.7
  1
连续发展用地
  7
CN
 72
1
 11
627.5
 21
133.0
 31
0.0
100
AcDbText
 73
2
  0
TEXT
  5
4D0
330
44D
100
AcDbEntity
 67
1
  8
PAPER
100
AcDbText
 10
715.0
 20
133.0
 30
0.0
 40
2.7
  1
1处
  7
CN
 72
1
 11
715.0
 21
133.0
 31
0.0
100
AcDbText
 73
2
  0
TEXT
  5
4D1
330
44D
100
AcDbEntity
 67
1
  8
PAPER
100
AcDbText
 10
783.0
 20
133.0
 30
0.0
 40
2.7
  1
140×20
  7
CN
 72
1
 11
783.0
 21
133.0
 31
0.0
100
AcDbText
 73
2
  0
LWPOLYLINE
  5
4D2
330
44D
100
AcDbEntity
 67
1
  8
PAPER
100
AcDbPolyline
 90
4
 70
1
 10
515.0
 20
15.0
 10
826.0
 20
15.0
 10
826.0
 20
110.0
 10
515.0
 20
110.0
  0
LINE
  5
4D3
330
44D
100
AcDbEntity
 67
1
  8
PAPER
100
AcDbLine
 10
515.0
 20
55.0
 30
0.0
 11
826.0
 21
55.0
 31
0.0
  0
LINE
  5
4D4
330
44D
100
AcDbEntity
 67
1
  8
PAPER
100
AcDbLine
 10
690.0
 20
15.0
 30
0.0
 11
690.0
 21
55.0
 31
0.0
  0
LINE
  5
4D5
330
44D
100
AcDbEntity
 67
1
  8
PAPER
100
AcDbLine
 10
760.0
 20
15.0
 30
0.0
 11
760.0
 21
55.0
 31
0.0
  0
TEXT
  5
4D6
330
44D
100
AcDbEntity
 67
1
  8
PAPER
100
AcDbText
 10
670.5
 20
88.0
 30
0.0
 40
6.0
  1
污水处理厂厂区总平面与管线图
  7
CN
 72
1
 11
670.5
 21
88.0
 31
0.0
100
AcDbText
 73
2
  0
TEXT
  5
4D7
330
44D
100
AcDbEntity
 67
1
  8
PAPER
100
AcDbText
 10
670.5
 20
68.0
 30
0.0
 40
3.2
  1
课程设计·依据教案绘制
  7
CN
 72
1
 11
670.5
 21
68.0
 31
0.0
100
AcDbText
 73
2
  0
TEXT
  5
4D8
330
44D
100
AcDbEntity
 67
1
  8
PAPER
100
AcDbText
 10
540.0
 20
43.0
 30
0.0
 40
3.2
  1
图号 13-1
  7
CN
 11
540.0
 21
43.0
 31
0.0
100
AcDbText
 73
2
  0
TEXT
  5
4D9
330
44D
100
AcDbEntity
 67
1
  8
PAPER
100
AcDbText
 10
540.0
 20
27.0
 30
0.0
 40
3.2
  1
比例 1:1000
  7
CN
 11
540.0
 21
27.0
 31
0.0
100
AcDbText
 73
2
  0
TEXT
  5
4DA
330
44D
100
AcDbEntity
 67
1
  8
PAPER
100
AcDbText
 10
705.0
 20
43.0
 30
0.0
 40
3.2
  1
日期 2026.09
  7
CN
 11
705.0
 21
43.0
 31
0.0
100
AcDbText
 73
2
  0
TEXT
  5
4DB
330
44D
100
AcDbEntity
 67
1
  8
PAPER
100
AcDbText
 10
705.0
 20
27.0
 30
0.0
 40
3.2
  1
版次 第一版
  7
CN
 11
705.0
 21
27.0
 31
0.0
100
AcDbText
 73
2
  0
TEXT
  5
4DC
330
44D
100
AcDbEntity
 67
1
  8
PAPER
100
AcDbText
 10
773.0
 20
43.0
 30
0.0
 40
3.2
  1
图幅 A1
  7
CN
 11
773.0
 21
43.0
 31
0.0
100
AcDbText
 73
2
  0
TEXT
  5
4DD
330
44D
100
AcDbEntity
 67
1
  8
PAPER
100
AcDbText
 10
773.0
 20
27.0
 30
0.0
 40
3.2
  1
单位 m
  7
CN
 11
773.0
 21
27.0
 31
0.0
100
AcDbText
 73
2
  0
ENDSEC
  0
SECTION
  2
OBJECTS
  0
DICTIONARY
  5
A
330
0
100
AcDbDictionary
281
1
  3
ACAD_COLOR
350
B
  3
ACAD_GROUP
350
C
  3
ACAD_LAYOUT
350
D
  3
ACAD_MATERIAL
350
E
  3
ACAD_MLEADERSTYLE
350
F
  3
ACAD_MLINESTYLE
350
10
  3
ACAD_PLOTSETTINGS
350
11
  3
ACAD_PLOTSTYLENAME
350
12
  3
ACAD_SCALELIST
350
14
  3
ACAD_TABLESTYLE
350
15
  3
ACAD_VISUALSTYLE
350
16
  3
EZDXF_META
350
2D
  0
DICTIONARY
  5
B
330
A
100
AcDbDictionary
281
1
  0
DICTIONARY
  5
C
330
A
100
AcDbDictionary
281
1
  0
DICTIONARY
  5
D
330
A
100
AcDbDictionary
281
1
  3
Model
350
1A
  3
A1-1_1000
350
450
  0
DICTIONARY
  5
E
330
A
100
AcDbDictionary
281
1
  3
ByBlock
350
1F
  3
ByLayer
350
20
  3
Global
350
21
  0
DICTIONARY
  5
F
330
A
100
AcDbDictionary
281
1
  3
Standard
350
2C
  0
DICTIONARY
  5
10
330
A
100
AcDbDictionary
281
1
  3
Standard
350
22
  0
DICTIONARY
  5
11
330
A
100
AcDbDictionary
281
1
  0
ACDBDICTIONARYWDFLT
  5
12
330
A
100
AcDbDictionary
281
1
  3
Normal
350
13
100
AcDbDictionaryWithDefault
340
13
  0
ACDBPLACEHOLDER
  5
13
330
12
  0
DICTIONARY
  5
14
330
A
100
AcDbDictionary
281
1
  0
DICTIONARY
  5
15
330
A
100
AcDbDictionary
281
1
  0
DICTIONARY
  5
16
330
A
100
AcDbDictionary
281
1
  3
2dWireframe
350
5A
  3
Basic
350
5B
  3
Brighten
350
5C
  3
ColorChange
350
5D
  3
Conceptual
350
5E
  3
Dim
350
5F
  3
EdgeColorOff
350
60
  3
Facepattern
350
61
  3
Flat
350
62
  3
FlatWithEdges
350
63
  3
Gouraud
350
64
  3
GouraudWithEdges
350
65
  3
Hidden
350
66
  3
JitterOff
350
67
  3
Linepattern
350
68
  3
Modeling
350
69
  3
OverhangOff
350
6A
  3
Realistic
350
6B
  3
Shaded
350
6C
  3
Shaded with edges
350
6D
  3
Shades of Gray
350
6E
  3
Sketchy
350
6F
  3
Thicken
350
70
  3
Wireframe
350
71
  3
X-Ray
350
72
  0
LAYOUT
  5
1A
330
D
100
AcDbPlotSettings
  1

  4
A3
  6

 40
7.5
 41
20.0
 42
7.5
 43
20.0
 44
420.0
 45
297.0
 46
0.0
 47
0.0
 48
0.0
 49
0.0
140
0.0
141
0.0
142
1.0
143
1.0
 70
1024
 72
1
 73
0
 74
5
  7

 75
16
 76
0
 77
2
 78
300
147
1.0
148
0.0
149
0.0
100
AcDbLayout
  1
Model
 70
1
 71
0
 10
0.0
 20
0.0
 11
420.0
 21
297.0
 12
0.0
 22
0.0
 32
0.0
 14
1e+20
 24
1e+20
 34
1e+20
 15
-1e+20
 25
-1e+20
 35
-1e+20
146
0.0
 13
0.0
 23
0.0
 33
0.0
 16
1.0
 26
0.0
 36
0.0
 17
0.0
 27
1.0
 37
0.0
 76
1
330
17
  0
MATERIAL
  5
1F
102
{ACAD_REACTORS
330
E
102
}
330
E
100
AcDbMaterial
  1
ByBlock
  2

 70
0
 40
1.0
 71
1
 41
1.0
 91
-1023410177
 42
1.0
 72
1
  3

 73
1
 74
1
 75
1
 44
0.5
 73
0
 45
1.0
 46
1.0
 77
1
  4

 78
1
 79
1
170
1
 48
1.0
171
1
  6

172
1
173
1
174
1
140
1.0
141
1.0
175
1
  7

176
1
177
1
178
1
143
1.0
179
1
  8

270
1
271
1
272
1
145
1.0
146
1.0
273
1
  9

274
1
275
1
276
1
 42
1.0
 72
1
  3

 73
1
 74
1
 75
1
 94
63
  0
MATERIAL
  5
20
102
{ACAD_REACTORS
330
E
102
}
330
E
100
AcDbMaterial
  1
ByLayer
  2

 70
0
 40
1.0
 71
1
 41
1.0
 91
-1023410177
 42
1.0
 72
1
  3

 73
1
 74
1
 75
1
 44
0.5
 73
0
 45
1.0
 46
1.0
 77
1
  4

 78
1
 79
1
170
1
 48
1.0
171
1
  6

172
1
173
1
174
1
140
1.0
141
1.0
175
1
  7

176
1
177
1
178
1
143
1.0
179
1
  8

270
1
271
1
272
1
145
1.0
146
1.0
273
1
  9

274
1
275
1
276
1
 42
1.0
 72
1
  3

 73
1
 74
1
 75
1
 94
63
  0
MATERIAL
  5
21
102
{ACAD_REACTORS
330
E
102
}
330
E
100
AcDbMaterial
  1
Global
  2

 70
0
 40
1.0
 71
1
 41
1.0
 91
-1023410177
 42
1.0
 72
1
  3

 73
1
 74
1
 75
1
 44
0.5
 73
0
 45
1.0
 46
1.0
 77
1
  4

 78
1
 79
1
170
1
 48
1.0
171
1
  6

172
1
173
1
174
1
140
1.0
141
1.0
175
1
  7

176
1
177
1
178
1
143
1.0
179
1
  8

270
1
271
1
272
1
145
1.0
146
1.0
273
1
  9

274
1
275
1
276
1
 42
1.0
 72
1
  3

 73
1
 74
1
 75
1
 94
63
  0
MLINESTYLE
  5
22
102
{ACAD_REACTORS
330
10
102
}
330
10
100
AcDbMlineStyle
  2
Standard
 70
0
  3

 62
256
 51
90.0
 52
90.0
 71
2
 49
0.5
 62
256
  6
BYLAYER
 49
-0.5
 62
256
  6
BYLAYER
  0
MLEADERSTYLE
  5
2C
102
{ACAD_REACTORS
330
F
102
}
330
F
100
AcDbMLeaderStyle
179
2
170
2
171
1
172
0
 90
2
 40
0.0
 41
0.0
173
1
 91
-1056964608
 92
-2
290
1
 42
2.0
291
1
 43
8.0
  3
Standard
 44
4.0
300

342
29
174
1
175
1
176
0
178
1
 93
-1056964608
 45
4.0
292
0
297
0
 46
4.0
 94
-1056964608
 47
1.0
 49
1.0
140
1.0
294
1
141
0.0
177
0
142
1.0
295
0
296
0
143
3.75
271
0
272
9
273
9
  0
DICTIONARY
  5
2D
330
A
100
AcDbDictionary
280
1
281
1
  3
CREATED_BY_EZDXF
350
2E
  3
WRITTEN_BY_EZDXF
350
4E0
  0
DICTIONARYVAR
  5
2E
330
2D
100
DictionaryVariables
280
0
  1
1.4.4 @ 2026-09-18T07:45:34.821579+00:00
  0
VISUALSTYLE
  5
5A
102
{ACAD_REACTORS
330
16
102
}
330
16
100
AcDbVisualStyle
  2
2dWireframe
 70
4
177
3
291
0
 70
58
 90
2
176
1
 90
2
176
1
 90
0
176
1
 90
0
176
1
 40
0.6
176
1
 40
30.0
176
1
 62
7
420
16777215
176
1
 90
1
176
1
 90
4
176
1
 62
7
176
1
 62
257
176
1
 90
1
176
1
 90
1
176
1
 40
1.0
176
1
 90
8
176
1
 62
7
176
1
 40
1.0
176
1
 90
1
176
1
 90
6
176
1
 90
2
176
1
 62
7
176
1
 90
5
176
1
 90
0
176
1
 90
0
176
1
290
0
176
1
 90
1
176
1
 40
0.0
176
1
 90
0
176
1
290
1
176
1
290
1
176
1
290
0
176
1
290
0
176
1
290
0
176
1
290
0
176
1
290
0
176
1
290
0
176
1
290
0
176
1
 90
50
176
1
 40
0.0
176
1
 40
1.0
176
1
 90
0
176
1
 62
18
420
0
176
1
 90
50
176
1
 90
3
176
1
 62
5
420
255
176
1
290
0
176
1
 90
50
176
1
 90
50
176
1
 90
50
176
1
290
0
176
1
 90
50
176
1
 62
256
176
0
 40
1.0
176
0
 90
2
176
1
  1
strokes_ogs.tif
176
1
290
0
176
1
 40
1.0
176
1
 40
1.0
176
1
  0
VISUALSTYLE
  5
5B
102
{ACAD_REACTORS
330
16
102
}
330
16
100
AcDbVisualStyle
  2
Basic
 70
7
177
3
291
1
 70
58
 90
2
176
1
 90
2
176
1
 90
0
176
1
 90
1
176
1
 40
0.6
176
1
 40
30.0
176
1
 62
7
420
16777215
176
1
 90
1
176
1
 90
4
176
1
 62
7
176
1
 62
257
176
1
 90
1
176
1
 90
1
176
1
 40
1.0
176
1
 90
8
176
1
 62
7
176
1
 40
1.0
176
1
 90
1
176
1
 90
6
176
1
 90
2
176
1
 62
7
176
1
 90
5
176
1
 90
0
176
1
 90
0
176
1
290
0
176
1
 90
1
176
1
 40
0.0
176
1
 90
0
176
1
290
0
176
1
290
1
176
1
290
1
176
1
290
0
176
1
290
0
176
1
290
0
176
1
290
0
176
1
290
0
176
1
290
0
176
1
 90
50
176
1
 40
0.0
176
1
 40
1.0
176
1
 90
0
176
1
 62
18
420
0
176
1
 90
50
176
1
 90
3
176
1
 62
5
420
255
176
1
290
0
176
1
 90
50
176
1
 90
50
176
1
 90
50
176
1
290
0
176
1
 90
50
176
1
 62
256
176
0
 40
1.0
176
0
 90
2
176
1
  1
strokes_ogs.tif
176
1
290
0
176
1
 40
1.0
176
1
 40
1.0
176
1
  0
VISUALSTYLE
  5
5C
102
{ACAD_REACTORS
330
16
102
}
330
16
100
AcDbVisualStyle
  2
Brighten
 70
12
177
3
291
1
 70
58
 90
2
176
1
 90
2
176
1
 90
0
176
1
 90
2
176
1
 40
0.6
176
1
 40
30.0
176
1
 62
7
420
16777215
176
1
 90
1
176
1
 90
4
176
1
 62
7
176
1
 62
257
176
1
 90
1
176
1
 90
1
176
1
 40
1.0
176
1
 90
8
176
1
 62
7
176
1
 40
1.0
176
1
 90
1
176
1
 90
6
176
1
 90
2
176
1
 62
7
176
1
 90
5
176
1
 90
0
176
1
 90
0
176
1
290
0
176
1
 90
1
176
1
 40
0.0
176
1
 90
0
176
1
290
0
176
1
290
1
176
1
290
1
176
1
290
0
176
1
290
0
176
1
290
0
176
1
290
0
176
1
290
0
176
1
290
0
176
1
 90
50
176
1
 40
0.0
176
1
 40
1.0
176
1
 90
0
176
1
 62
18
420
0
176
1
 90
50
176
1
 90
3
176
1
 62
5
420
255
176
1
290
0
176
1
 90
50
176
1
 90
50
176
1
 90
50
176
1
290
0
176
1
 90
50
176
1
 62
256
176
0
 40
1.0
176
0
 90
2
176
1
  1
strokes_ogs.tif
176
1
290
0
176
1
 40
1.0
176
1
 40
1.0
176
1
  0
VISUALSTYLE
  5
5D
102
{ACAD_REACTORS
330
16
102
}
330
16
100
AcDbVisualStyle
  2
ColorChange
 70
16
177
3
291
1
 70
58
 90
2
176
1
 90
2
176
1
 90
0
176
1
 90
2
176
1
 40
0.6
176
1
 40
30.0
176
1
 62
7
420
16777215
176
1
 90
1
176
1
 90
4
176
1
 62
7
176
1
 62
257
176
1
 90
1
176
1
 90
1
176
1
 40
1.0
176
1
 90
8
176
1
 62
7
176
1
 40
1.0
176
1
 90
1
176
1
 90
6
176
1
 90
2
176
1
 62
7
176
1
 90
5
176
1
 90
0
176
1
 90
0
176
1
290
0
176
1
 90
1
176
1
 40
0.0
176
1
 90
0
176
1
290
0
176
1
290
1
176
1
290
1
176
1
290
0
176
1
290
0
176
1
290
0
176
1
290
0
176
1
290
0
176
1
290
0
176
1
 90
50
176
1
 40
0.0
176
1
 40
1.0
176
1
 90
0
176
1
 62
18
420
0
176
1
 90
50
176
1
 90
3
176
1
 62
5
420
255
176
1
290
0
176
1
 90
50
176
1
 90
50
176
1
 90
50
176
1
290
0
176
1
 90
50
176
1
 62
256
176
0
 40
1.0
176
0
 90
2
176
1
  1
strokes_ogs.tif
176
1
290
0
176
1
 40
1.0
176
1
 40
1.0
176
1
  0
VISUALSTYLE
  5
5E
102
{ACAD_REACTORS
330
16
102
}
330
16
100
AcDbVisualStyle
  2
Conceptual
 70
9
177
3
291
0
 70
58
 90
2
176
1
 90
2
176
1
 90
0
176
1
 90
3
176
1
 40
0.6
176
1
 40
30.0
176
1
 62
7
420
16777215
176
1
 90
1
176
1
 90
4
176
1
 62
7
176
1
 62
257
176
1
 90
1
176
1
 90
1
176
1
 40
1.0
176
1
 90
8
176
1
 62
7
176
1
 40
1.0
176
1
 90
1
176
1
 90
6
176
1
 90
2
176
1
 62
7
176
1
 90
5
176
1
 90
0
176
1
 90
0
176
1
290
0
176
1
 90
1
176
1
 40
0.0
176
1
 90
0
176
1
290
0
176
1
290
1
176
1
290
1
176
1
290
0
176
1
290
0
176
1
290
0
176
1
290
0
176
1
290
0
176
1
290
0
176
1
 90
50
176
1
 40
0.0
176
1
 40
1.0
176
1
 90
0
176
1
 62
18
420
0
176
1
 90
50
176
1
 90
3
176
1
 62
5
420
255
176
1
290
0
176
1
 90
50
176
1
 90
50
176
1
 90
50
176
1
290
0
176
1
 90
50
176
1
 62
256
176
0
 40
1.0
176
0
 90
2
176
1
  1
strokes_ogs.tif
176
1
290
0
176
1
 40
1.0
176
1
 40
1.0
176
1
  0
VISUALSTYLE
  5
5F
102
{ACAD_REACTORS
330
16
102
}
330
16
100
AcDbVisualStyle
  2
Dim
 70
11
177
3
291
1
 70
58
 90
2
176
1
 90
2
176
1
 90
0
176
1
 90
2
176
1
 40
0.6
176
1
 40
30.0
176
1
 62
7
420
16777215
176
1
 90
1
176
1
 90
4
176
1
 62
7
176
1
 62
257
176
1
 90
1
176
1
 90
1
176
1
 40
1.0
176
1
 90
8
176
1
 62
7
176
1
 40
1.0
176
1
 90
1
176
1
 90
6
176
1
 90
2
176
1
 62
7
176
1
 90
5
176
1
 90
0
176
1
 90
0
176
1
290
0
176
1
 90
1
176
1
 40
0.0
176
1
 90
0
176
1
290
0
176
1
290
1
176
1
290
1
176
1
290
0
176
1
290
0
176
1
290
0
176
1
290
0
176
1
290
0
176
1
290
0
176
1
 90
50
176
1
 40
0.0
176
1
 40
1.0
176
1
 90
0
176
1
 62
18
420
0
176
1
 90
50
176
1
 90
3
176
1
 62
5
420
255
176
1
290
0
176
1
 90
50
176
1
 90
50
176
1
 90
50
176
1
290
0
176
1
 90
50
176
1
 62
256
176
0
 40
1.0
176
0
 90
2
176
1
  1
strokes_ogs.tif
176
1
290
0
176
1
 40
1.0
176
1
 40
1.0
176
1
  0
VISUALSTYLE
  5
60
102
{ACAD_REACTORS
330
16
102
}
330
16
100
AcDbVisualStyle
  2
EdgeColorOff
 70
22
177
3
291
1
 70
58
 90
2
176
1
 90
2
176
1
 90
0
176
1
 90
2
176
1
 40
0.6
176
1
 40
30.0
176
1
 62
7
420
16777215
176
1
 90
1
176
1
 90
4
176
1
 62
7
176
1
 62
257
176
1
 90
1
176
1
 90
1
176
1
 40
1.0
176
1
 90
8
176
1
 62
7
176
1
 40
1.0
176
1
 90
1
176
1
 90
6
176
1
 90
2
176
1
 62
7
176
1
 90
5
176
1
 90
0
176
1
 90
0
176
1
290
0
176
1
 90
1
176
1
 40
0.0
176
1
 90
0
176
1
290
0
176
1
290
1
176
1
290
1
176
1
290
0
176
1
290
0
176
1
290
0
176
1
290
0
176
1
290
0
176
1
290
0
176
1
 90
50
176
1
 40
0.0
176
1
 40
1.0
176
1
 90
0
176
1
 62
18
420
0
176
1
 90
50
176
1
 90
3
176
1
 62
5
420
255
176
1
290
0
176
1
 90
50
176
1
 90
50
176
1
 90
50
176
1
290
0
176
1
 90
50
176
1
 62
256
176
0
 40
1.0
176
0
 90
2
176
1
  1
strokes_ogs.tif
176
1
290
0
176
1
 40
1.0
176
1
 40
1.0
176
1
  0
VISUALSTYLE
  5
61
102
{ACAD_REACTORS
330
16
102
}
330
16
100
AcDbVisualStyle
  2
Facepattern
 70
15
177
3
291
1
 70
58
 90
2
176
1
 90
2
176
1
 90
0
176
1
 90
2
176
1
 40
0.6
176
1
 40
30.0
176
1
 62
7
420
16777215
176
1
 90
1
176
1
 90
4
176
1
 62
7
176
1
 62
257
176
1
 90
1
176
1
 90
1
176
1
 40
1.0
176
1
 90
8
176
1
 62
7
176
1
 40
1.0
176
1
 90
1
176
1
 90
6
176
1
 90
2
176
1
 62
7
176
1
 90
5
176
1
 90
0
176
1
 90
0
176
1
290
0
176
1
 90
1
176
1
 40
0.0
176
1
 90
0
176
1
290
0
176
1
290
1
176
1
290
1
176
1
290
0
176
1
290
0
176
1
290
0
176
1
290
0
176
1
290
0
176
1
290
0
176
1
 90
50
176
1
 40
0.0
176
1
 40
1.0
176
1
 90
0
176
1
 62
18
420
0
176
1
 90
50
176
1
 90
3
176
1
 62
5
420
255
176
1
290
0
176
1
 90
50
176
1
 90
50
176
1
 90
50
176
1
290
0
176
1
 90
50
176
1
 62
256
176
0
 40
1.0
176
0
 90
2
176
1
  1
strokes_ogs.tif
176
1
290
0
176
1
 40
1.0
176
1
 40
1.0
176
1
  0
VISUALSTYLE
  5
62
102
{ACAD_REACTORS
330
16
102
}
330
16
100
AcDbVisualStyle
  2
Flat
 70
0
177
3
291
1
 70
58
 90
2
176
1
 90
2
176
1
 90
0
176
1
 90
2
176
1
 40
0.6
176
1
 40
30.0
176
1
 62
7
420
16777215
176
1
 90
1
176
1
 90
4
176
1
 62
7
176
1
 62
257
176
1
 90
1
176
1
 90
1
176
1
 40
1.0
176
1
 90
8
176
1
 62
7
176
1
 40
1.0
176
1
 90
1
176
1
 90
6
176
1
 90
2
176
1
 62
7
176
1
 90
5
176
1
 90
0
176
1
 90
0
176
1
290
0
176
1
 90
1
176
1
 40
0.0
176
1
 90
0
176
1
290
0
176
1
290
1
176
1
290
1
176
1
290
0
176
1
290
0
176
1
290
0
176
1
290
0
176
1
290
0
176
1
290
0
176
1
 90
50
176
1
 40
0.0
176
1
 40
1.0
176
1
 90
0
176
1
 62
18
420
0
176
1
 90
50
176
1
 90
3
176
1
 62
5
420
255
176
1
290
0
176
1
 90
50
176
1
 90
50
176
1
 90
50
176
1
290
0
176
1
 90
50
176
1
 62
256
176
0
 40
1.0
176
0
 90
2
176
1
  1
strokes_ogs.tif
176
1
290
0
176
1
 40
1.0
176
1
 40
1.0
176
1
  0
VISUALSTYLE
  5
63
102
{ACAD_REACTORS
330
16
102
}
330
16
100
AcDbVisualStyle
  2
FlatWithEdges
 70
1
177
3
291
1
 70
58
 90
2
176
1
 90
2
176
1
 90
0
176
1
 90
2
176
1
 40
0.6
176
1
 40
30.0
176
1
 62
7
420
16777215
176
1
 90
1
176
1
 90
4
176
1
 62
7
176
1
 62
257
176
1
 90
1
176
1
 90
1
176
1
 40
1.0
176
1
 90
8
176
1
 62
7
176
1
 40
1.0
176
1
 90
1
176
1
 90
6
176
1
 90
2
176
1
 62
7
176
1
 90
5
176
1
 90
0
176
1
 90
0
176
1
290
0
176
1
 90
1
176
1
 40
0.0
176
1
 90
0
176
1
290
0
176
1
290
1
176
1
290
1
176
1
290
0
176
1
290
0
176
1
290
0
176
1
290
0
176
1
290
0
176
1
290
0
176
1
 90
50
176
1
 40
0.0
176
1
 40
1.0
176
1
 90
0
176
1
 62
18
420
0
176
1
 90
50
176
1
 90
3
176
1
 62
5
420
255
176
1
290
0
176
1
 90
50
176
1
 90
50
176
1
 90
50
176
1
290
0
176
1
 90
50
176
1
 62
256
176
0
 40
1.0
176
0
 90
2
176
1
  1
strokes_ogs.tif
176
1
290
0
176
1
 40
1.0
176
1
 40
1.0
176
1
  0
VISUALSTYLE
  5
64
102
{ACAD_REACTORS
330
16
102
}
330
16
100
AcDbVisualStyle
  2
Gouraud
 70
2
177
3
291
1
 70
58
 90
2
176
1
 90
2
176
1
 90
0
176
1
 90
2
176
1
 40
0.6
176
1
 40
30.0
176
1
 62
7
420
16777215
176
1
 90
1
176
1
 90
4
176
1
 62
7
176
1
 62
257
176
1
 90
1
176
1
 90
1
176
1
 40
1.0
176
1
 90
8
176
1
 62
7
176
1
 40
1.0
176
1
 90
1
176
1
 90
6
176
1
 90
2
176
1
 62
7
176
1
 90
5
176
1
 90
0
176
1
 90
0
176
1
290
0
176
1
 90
1
176
1
 40
0.0
176
1
 90
0
176
1
290
0
176
1
290
1
176
1
290
1
176
1
290
0
176
1
290
0
176
1
290
0
176
1
290
0
176
1
290
0
176
1
290
0
176
1
 90
50
176
1
 40
0.0
176
1
 40
1.0
176
1
 90
0
176
1
 62
18
420
0
176
1
 90
50
176
1
 90
3
176
1
 62
5
420
255
176
1
290
0
176
1
 90
50
176
1
 90
50
176
1
 90
50
176
1
290
0
176
1
 90
50
176
1
 62
256
176
0
 40
1.0
176
0
 90
2
176
1
  1
strokes_ogs.tif
176
1
290
0
176
1
 40
1.0
176
1
 40
1.0
176
1
  0
VISUALSTYLE
  5
65
102
{ACAD_REACTORS
330
16
102
}
330
16
100
AcDbVisualStyle
  2
GouraudWithEdges
 70
3
177
3
291
1
 70
58
 90
2
176
1
 90
2
176
1
 90
0
176
1
 90
2
176
1
 40
0.6
176
1
 40
30.0
176
1
 62
7
420
16777215
176
1
 90
1
176
1
 90
4
176
1
 62
7
176
1
 62
257
176
1
 90
1
176
1
 90
1
176
1
 40
1.0
176
1
 90
8
176
1
 62
7
176
1
 40
1.0
176
1
 90
1
176
1
 90
6
176
1
 90
2
176
1
 62
7
176
1
 90
5
176
1
 90
0
176
1
 90
0
176
1
290
0
176
1
 90
1
176
1
 40
0.0
176
1
 90
0
176
1
290
0
176
1
290
1
176
1
290
1
176
1
290
0
176
1
290
0
176
1
290
0
176
1
290
0
176
1
290
0
176
1
290
0
176
1
 90
50
176
1
 40
0.0
176
1
 40
1.0
176
1
 90
0
176
1
 62
18
420
0
176
1
 90
50
176
1
 90
3
176
1
 62
5
420
255
176
1
290
0
176
1
 90
50
176
1
 90
50
176
1
 90
50
176
1
290
0
176
1
 90
50
176
1
 62
256
176
0
 40
1.0
176
0
 90
2
176
1
  1
strokes_ogs.tif
176
1
290
0
176
1
 40
1.0
176
1
 40
1.0
176
1
  0
VISUALSTYLE
  5
66
102
{ACAD_REACTORS
330
16
102
}
330
16
100
AcDbVisualStyle
  2
Hidden
 70
6
177
3
291
0
 70
58
 90
2
176
1
 90
2
176
1
 90
0
176
1
 90
1
176
1
 40
0.6
176
1
 40
30.0
176
1
 62
7
420
16777215
176
1
 90
1
176
1
 90
4
176
1
 62
7
176
1
 62
257
176
1
 90
1
176
1
 90
1
176
1
 40
1.0
176
1
 90
8
176
1
 62
7
176
1
 40
1.0
176
1
 90
1
176
1
 90
6
176
1
 90
2
176
1
 62
7
176
1
 90
5
176
1
 90
0
176
1
 90
0
176
1
290
0
176
1
 90
1
176
1
 40
0.0
176
1
 90
0
176
1
290
0
176
1
290
1
176
1
290
1
176
1
290
0
176
1
290
0
176
1
290
0
176
1
290
0
176
1
290
0
176
1
290
0
176
1
 90
50
176
1
 40
0.0
176
1
 40
1.0
176
1
 90
0
176
1
 62
18
420
0
176
1
 90
50
176
1
 90
3
176
1
 62
5
420
255
176
1
290
0
176
1
 90
50
176
1
 90
50
176
1
 90
50
176
1
290
0
176
1
 90
50
176
1
 62
256
176
0
 40
1.0
176
0
 90
2
176
1
  1
strokes_ogs.tif
176
1
290
0
176
1
 40
1.0
176
1
 40
1.0
176
1
  0
VISUALSTYLE
  5
67
102
{ACAD_REACTORS
330
16
102
}
330
16
100
AcDbVisualStyle
  2
JitterOff
 70
20
177
3
291
1
 70
58
 90
2
176
1
 90
2
176
1
 90
0
176
1
 90
2
176
1
 40
0.6
176
1
 40
30.0
176
1
 62
7
420
16777215
176
1
 90
1
176
1
 90
4
176
1
 62
7
176
1
 62
257
176
1
 90
1
176
1
 90
1
176
1
 40
1.0
176
1
 90
8
176
1
 62
7
176
1
 40
1.0
176
1
 90
1
176
1
 90
6
176
1
 90
2
176
1
 62
7
176
1
 90
5
176
1
 90
0
176
1
 90
0
176
1
290
0
176
1
 90
1
176
1
 40
0.0
176
1
 90
0
176
1
290
0
176
1
290
1
176
1
290
1
176
1
290
0
176
1
290
0
176
1
290
0
176
1
290
0
176
1
290
0
176
1
290
0
176
1
 90
50
176
1
 40
0.0
176
1
 40
1.0
176
1
 90
0
176
1
 62
18
420
0
176
1
 90
50
176
1
 90
3
176
1
 62
5
420
255
176
1
290
0
176
1
 90
50
176
1
 90
50
176
1
 90
50
176
1
290
0
176
1
 90
50
176
1
 62
256
176
0
 40
1.0
176
0
 90
2
176
1
  1
strokes_ogs.tif
176
1
290
0
176
1
 40
1.0
176
1
 40
1.0
176
1
  0
VISUALSTYLE
  5
68
102
{ACAD_REACTORS
330
16
102
}
330
16
100
AcDbVisualStyle
  2
Linepattern
 70
14
177
3
291
1
 70
58
 90
2
176
1
 90
2
176
1
 90
0
176
1
 90
2
176
1
 40
0.6
176
1
 40
30.0
176
1
 62
7
420
16777215
176
1
 90
1
176
1
 90
4
176
1
 62
7
176
1
 62
257
176
1
 90
1
176
1
 90
1
176
1
 40
1.0
176
1
 90
8
176
1
 62
7
176
1
 40
1.0
176
1
 90
1
176
1
 90
6
176
1
 90
2
176
1
 62
7
176
1
 90
5
176
1
 90
0
176
1
 90
0
176
1
290
0
176
1
 90
1
176
1
 40
0.0
176
1
 90
0
176
1
290
0
176
1
290
1
176
1
290
1
176
1
290
0
176
1
290
0
176
1
290
0
176
1
290
0
176
1
290
0
176
1
290
0
176
1
 90
50
176
1
 40
0.0
176
1
 40
1.0
176
1
 90
0
176
1
 62
18
420
0
176
1
 90
50
176
1
 90
3
176
1
 62
5
420
255
176
1
290
0
176
1
 90
50
176
1
 90
50
176
1
 90
50
176
1
290
0
176
1
 90
50
176
1
 62
256
176
0
 40
1.0
176
0
 90
2
176
1
  1
strokes_ogs.tif
176
1
290
0
176
1
 40
1.0
176
1
 40
1.0
176
1
  0
VISUALSTYLE
  5
69
102
{ACAD_REACTORS
330
16
102
}
330
16
100
AcDbVisualStyle
  2
Modeling
 70
10
177
3
291
0
 70
58
 90
2
176
1
 90
2
176
1
 90
0
176
1
 90
2
176
1
 40
0.6
176
1
 40
30.0
176
1
 62
7
420
16777215
176
1
 90
1
176
1
 90
4
176
1
 62
7
176
1
 62
257
176
1
 90
1
176
1
 90
1
176
1
 40
1.0
176
1
 90
8
176
1
 62
7
176
1
 40
1.0
176
1
 90
1
176
1
 90
6
176
1
 90
2
176
1
 62
7
176
1
 90
5
176
1
 90
0
176
1
 90
0
176
1
290
0
176
1
 90
1
176
1
 40
0.0
176
1
 90
0
176
1
290
0
176
1
290
1
176
1
290
1
176
1
290
0
176
1
290
0
176
1
290
0
176
1
290
0
176
1
290
0
176
1
290
0
176
1
 90
50
176
1
 40
0.0
176
1
 40
1.0
176
1
 90
0
176
1
 62
18
420
0
176
1
 90
50
176
1
 90
3
176
1
 62
5
420
255
176
1
290
0
176
1
 90
50
176
1
 90
50
176
1
 90
50
176
1
290
0
176
1
 90
50
176
1
 62
256
176
0
 40
1.0
176
0
 90
2
176
1
  1
strokes_ogs.tif
176
1
290
0
176
1
 40
1.0
176
1
 40
1.0
176
1
  0
VISUALSTYLE
  5
6A
102
{ACAD_REACTORS
330
16
102
}
330
16
100
AcDbVisualStyle
  2
OverhangOff
 70
21
177
3
291
1
 70
58
 90
2
176
1
 90
2
176
1
 90
0
176
1
 90
2
176
1
 40
0.6
176
1
 40
30.0
176
1
 62
7
420
16777215
176
1
 90
1
176
1
 90
4
176
1
 62
7
176
1
 62
257
176
1
 90
1
176
1
 90
1
176
1
 40
1.0
176
1
 90
8
176
1
 62
7
176
1
 40
1.0
176
1
 90
1
176
1
 90
6
176
1
 90
2
176
1
 62
7
176
1
 90
5
176
1
 90
0
176
1
 90
0
176
1
290
0
176
1
 90
1
176
1
 40
0.0
176
1
 90
0
176
1
290
0
176
1
290
1
176
1
290
1
176
1
290
0
176
1
290
0
176
1
290
0
176
1
290
0
176
1
290
0
176
1
290
0
176
1
 90
50
176
1
 40
0.0
176
1
 40
1.0
176
1
 90
0
176
1
 62
18
420
0
176
1
 90
50
176
1
 90
3
176
1
 62
5
420
255
176
1
290
0
176
1
 90
50
176
1
 90
50
176
1
 90
50
176
1
290
0
176
1
 90
50
176
1
 62
256
176
0
 40
1.0
176
0
 90
2
176
1
  1
strokes_ogs.tif
176
1
290
0
176
1
 40
1.0
176
1
 40
1.0
176
1
  0
VISUALSTYLE
  5
6B
102
{ACAD_REACTORS
330
16
102
}
330
16
100
AcDbVisualStyle
  2
Realistic
 70
8
177
3
291
0
 70
58
 90
2
176
1
 90
2
176
1
 90
0
176
1
 90
2
176
1
 40
0.6
176
1
 40
30.0
176
1
 62
7
420
16777215
176
1
 90
1
176
1
 90
4
176
1
 62
7
176
1
 62
257
176
1
 90
1
176
1
 90
1
176
1
 40
1.0
176
1
 90
8
176
1
 62
7
176
1
 40
1.0
176
1
 90
1
176
1
 90
6
176
1
 90
2
176
1
 62
7
176
1
 90
5
176
1
 90
0
176
1
 90
0
176
1
290
0
176
1
 90
1
176
1
 40
0.0
176
1
 90
0
176
1
290
0
176
1
290
1
176
1
290
1
176
1
290
0
176
1
290
0
176
1
290
0
176
1
290
0
176
1
290
0
176
1
290
0
176
1
 90
50
176
1
 40
0.0
176
1
 40
1.0
176
1
 90
0
176
1
 62
18
420
0
176
1
 90
50
176
1
 90
3
176
1
 62
5
420
255
176
1
290
0
176
1
 90
50
176
1
 90
50
176
1
 90
50
176
1
290
0
176
1
 90
50
176
1
 62
256
176
0
 40
1.0
176
0
 90
2
176
1
  1
strokes_ogs.tif
176
1
290
0
176
1
 40
1.0
176
1
 40
1.0
176
1
  0
VISUALSTYLE
  5
6C
102
{ACAD_REACTORS
330
16
102
}
330
16
100
AcDbVisualStyle
  2
Shaded
 70
27
177
3
291
0
 70
58
 90
2
176
1
 90
2
176
1
 90
0
176
1
 90
2
176
1
 40
0.6
176
1
 40
30.0
176
1
 62
7
420
16777215
176
1
 90
1
176
1
 90
4
176
1
 62
7
176
1
 62
257
176
1
 90
1
176
1
 90
1
176
1
 40
1.0
176
1
 90
8
176
1
 62
7
176
1
 40
1.0
176
1
 90
1
176
1
 90
6
176
1
 90
2
176
1
 62
7
176
1
 90
5
176
1
 90
0
176
1
 90
0
176
1
290
0
176
1
 90
1
176
1
 40
0.0
176
1
 90
0
176
1
290
0
176
1
290
1
176
1
290
1
176
1
290
0
176
1
290
0
176
1
290
0
176
1
290
0
176
1
290
0
176
1
290
0
176
1
 90
50
176
1
 40
0.0
176
1
 40
1.0
176
1
 90
0
176
1
 62
18
420
0
176
1
 90
50
176
1
 90
3
176
1
 62
5
420
255
176
1
290
0
176
1
 90
50
176
1
 90
50
176
1
 90
50
176
1
290
0
176
1
 90
50
176
1
 62
256
176
0
 40
1.0
176
0
 90
2
176
1
  1
strokes_ogs.tif
176
1
290
0
176
1
 40
1.0
176
1
 40
1.0
176
1
  0
VISUALSTYLE
  5
6D
102
{ACAD_REACTORS
330
16
102
}
330
16
100
AcDbVisualStyle
  2
Shaded with edges
 70
26
177
3
291
0
 70
58
 90
2
176
1
 90
2
176
1
 90
0
176
1
 90
2
176
1
 40
0.6
176
1
 40
30.0
176
1
 62
7
420
16777215
176
1
 90
1
176
1
 90
4
176
1
 62
7
176
1
 62
257
176
1
 90
1
176
1
 90
1
176
1
 40
1.0
176
1
 90
8
176
1
 62
7
176
1
 40
1.0
176
1
 90
1
176
1
 90
6
176
1
 90
2
176
1
 62
7
176
1
 90
5
176
1
 90
0
176
1
 90
0
176
1
290
0
176
1
 90
1
176
1
 40
0.0
176
1
 90
0
176
1
290
0
176
1
290
1
176
1
290
1
176
1
290
0
176
1
290
0
176
1
290
0
176
1
290
0
176
1
290
0
176
1
290
0
176
1
 90
50
176
1
 40
0.0
176
1
 40
1.0
176
1
 90
0
176
1
 62
18
420
0
176
1
 90
50
176
1
 90
3
176
1
 62
5
420
255
176
1
290
0
176
1
 90
50
176
1
 90
50
176
1
 90
50
176
1
290
0
176
1
 90
50
176
1
 62
256
176
0
 40
1.0
176
0
 90
2
176
1
  1
strokes_ogs.tif
176
1
290
0
176
1
 40
1.0
176
1
 40
1.0
176
1
  0
VISUALSTYLE
  5
6E
102
{ACAD_REACTORS
330
16
102
}
330
16
100
AcDbVisualStyle
  2
Shades of Gray
 70
23
177
3
291
0
 70
58
 90
2
176
1
 90
2
176
1
 90
0
176
1
 90
2
176
1
 40
0.6
176
1
 40
30.0
176
1
 62
7
420
16777215
176
1
 90
1
176
1
 90
4
176
1
 62
7
176
1
 62
257
176
1
 90
1
176
1
 90
1
176
1
 40
1.0
176
1
 90
8
176
1
 62
7
176
1
 40
1.0
176
1
 90
1
176
1
 90
6
176
1
 90
2
176
1
 62
7
176
1
 90
5
176
1
 90
0
176
1
 90
0
176
1
290
0
176
1
 90
1
176
1
 40
0.0
176
1
 90
0
176
1
290
0
176
1
290
1
176
1
290
1
176
1
290
0
176
1
290
0
176
1
290
0
176
1
290
0
176
1
290
0
176
1
290
0
176
1
 90
50
176
1
 40
0.0
176
1
 40
1.0
176
1
 90
0
176
1
 62
18
420
0
176
1
 90
50
176
1
 90
3
176
1
 62
5
420
255
176
1
290
0
176
1
 90
50
176
1
 90
50
176
1
 90
50
176
1
290
0
176
1
 90
50
176
1
 62
256
176
0
 40
1.0
176
0
 90
2
176
1
  1
strokes_ogs.tif
176
1
290
0
176
1
 40
1.0
176
1
 40
1.0
176
1
  0
VISUALSTYLE
  5
6F
102
{ACAD_REACTORS
330
16
102
}
330
16
100
AcDbVisualStyle
  2
Sketchy
 70
24
177
3
291
0
 70
58
 90
2
176
1
 90
2
176
1
 90
0
176
1
 90
1
176
1
 40
0.6
176
1
 40
30.0
176
1
 62
7
420
16777215
176
1
 90
1
176
1
 90
4
176
1
 62
7
176
1
 62
257
176
1
 90
1
176
1
 90
1
176
1
 40
1.0
176
1
 90
8
176
1
 62
7
176
1
 40
1.0
176
1
 90
1
176
1
 90
6
176
1
 90
2
176
1
 62
7
176
1
 90
5
176
1
 90
0
176
1
 90
0
176
1
290
0
176
1
 90
1
176
1
 40
0.0
176
1
 90
0
176
1
290
0
176
1
290
1
176
1
290
1
176
1
290
0
176
1
290
0
176
1
290
0
176
1
290
0
176
1
290
0
176
1
290
0
176
1
 90
50
176
1
 40
0.0
176
1
 40
1.0
176
1
 90
0
176
1
 62
18
420
0
176
1
 90
50
176
1
 90
3
176
1
 62
5
420
255
176
1
290
0
176
1
 90
50
176
1
 90
50
176
1
 90
50
176
1
290
0
176
1
 90
50
176
1
 62
256
176
0
 40
1.0
176
0
 90
2
176
1
  1
strokes_ogs.tif
176
1
290
0
176
1
 40
1.0
176
1
 40
1.0
176
1
  0
VISUALSTYLE
  5
70
102
{ACAD_REACTORS
330
16
102
}
330
16
100
AcDbVisualStyle
  2
Thicken
 70
13
177
3
291
1
 70
58
 90
2
176
1
 90
2
176
1
 90
0
176
1
 90
2
176
1
 40
0.6
176
1
 40
30.0
176
1
 62
7
420
16777215
176
1
 90
1
176
1
 90
4
176
1
 62
7
176
1
 62
257
176
1
 90
1
176
1
 90
1
176
1
 40
1.0
176
1
 90
8
176
1
 62
7
176
1
 40
1.0
176
1
 90
1
176
1
 90
6
176
1
 90
2
176
1
 62
7
176
1
 90
5
176
1
 90
0
176
1
 90
0
176
1
290
0
176
1
 90
1
176
1
 40
0.0
176
1
 90
0
176
1
290
0
176
1
290
1
176
1
290
1
176
1
290
0
176
1
290
0
176
1
290
0
176
1
290
0
176
1
290
0
176
1
290
0
176
1
 90
50
176
1
 40
0.0
176
1
 40
1.0
176
1
 90
0
176
1
 62
18
420
0
176
1
 90
50
176
1
 90
3
176
1
 62
5
420
255
176
1
290
0
176
1
 90
50
176
1
 90
50
176
1
 90
50
176
1
290
0
176
1
 90
50
176
1
 62
256
176
0
 40
1.0
176
0
 90
2
176
1
  1
strokes_ogs.tif
176
1
290
0
176
1
 40
1.0
176
1
 40
1.0
176
1
  0
VISUALSTYLE
  5
71
102
{ACAD_REACTORS
330
16
102
}
330
16
100
AcDbVisualStyle
  2
Wireframe
 70
5
177
3
291
0
 70
58
 90
2
176
1
 90
2
176
1
 90
0
176
1
 90
0
176
1
 40
0.6
176
1
 40
30.0
176
1
 62
7
420
16777215
176
1
 90
1
176
1
 90
4
176
1
 62
7
176
1
 62
257
176
1
 90
1
176
1
 90
1
176
1
 40
1.0
176
1
 90
8
176
1
 62
7
176
1
 40
1.0
176
1
 90
1
176
1
 90
6
176
1
 90
2
176
1
 62
7
176
1
 90
5
176
1
 90
0
176
1
 90
0
176
1
290
0
176
1
 90
1
176
1
 40
0.0
176
1
 90
0
176
1
290
0
176
1
290
1
176
1
290
1
176
1
290
0
176
1
290
0
176
1
290
0
176
1
290
0
176
1
290
0
176
1
290
0
176
1
 90
50
176
1
 40
0.0
176
1
 40
1.0
176
1
 90
0
176
1
 62
18
420
0
176
1
 90
50
176
1
 90
3
176
1
 62
5
420
255
176
1
290
0
176
1
 90
50
176
1
 90
50
176
1
 90
50
176
1
290
0
176
1
 90
50
176
1
 62
256
176
0
 40
1.0
176
0
 90
2
176
1
  1
strokes_ogs.tif
176
1
290
0
176
1
 40
1.0
176
1
 40
1.0
176
1
  0
VISUALSTYLE
  5
72
102
{ACAD_REACTORS
330
16
102
}
330
16
100
AcDbVisualStyle
  2
X-Ray
 70
25
177
3
291
0
 70
58
 90
2
176
1
 90
2
176
1
 90
0
176
1
 90
2
176
1
 40
0.5
176
1
 40
30.0
176
1
 62
7
420
16777215
176
1
 90
1
176
1
 90
4
176
1
 62
7
176
1
 62
257
176
1
 90
1
176
1
 90
1
176
1
 40
1.0
176
1
 90
8
176
1
 62
7
176
1
 40
1.0
176
1
 90
1
176
1
 90
6
176
1
 90
2
176
1
 62
7
176
1
 90
5
176
1
 90
0
176
1
 90
0
176
1
290
0
176
1
 90
1
176
1
 40
0.0
176
1
 90
0
176
1
290
0
176
1
290
1
176
1
290
1
176
1
290
0
176
1
290
0
176
1
290
0
176
1
290
0
176
1
290
0
176
1
290
0
176
1
 90
50
176
1
 40
0.0
176
1
 40
1.0
176
1
 90
0
176
1
 62
18
420
0
176
1
 90
50
176
1
 90
3
176
1
 62
5
420
255
176
1
290
0
176
1
 90
50
176
1
 90
50
176
1
 90
50
176
1
290
0
176
1
 90
50
176
1
 62
256
176
0
 40
1.0
176
0
 90
2
176
1
  1
strokes_ogs.tif
176
1
290
0
176
1
 40
1.0
176
1
 40
1.0
176
1
  0
LAYOUT
  5
450
330
D
100
AcDbPlotSettings
  1

  2
DWG to PDF.pc3
  4
ezdxf_(841.00_x_594.00_MM)
  6

 40
10.0
 41
10.0
 42
10.0
 43
10.0
 44
841.0
 45
594.0
 46
0.0
 47
0.0
 48
0.0
 49
0.0
140
0.0
141
0.0
142
0.0078125
143
12.0
 70
672
 72
1
 73
0
 74
5
  7

 75
1
 76
0
 77
2
 78
300
147
1.0
148
0.0
149
0.0
100
AcDbLayout
  1
A1-1_1000
 70
1
 71
3
 10
-10.0
 20
-10.0
 11
831.0
 21
584.0
 12
0.0
 22
0.0
 32
0.0
 14
1e+20
 24
1e+20
 34
1e+20
 15
-1e+20
 25
-1e+20
 35
-1e+20
146
0.0
 13
0.0
 23
0.0
 33
0.0
 16
1.0
 26
0.0
 36
0.0
 17
0.0
 27
1.0
 37
0.0
 76
1
330
44D
331
451
  0
DICTIONARYVAR
  5
4E0
330
2D
100
DictionaryVariables
280
0
  1
1.4.4 @ 2026-09-18T07:46:02.325100+00:00
  0
ENDSEC
  0
EOF
